,archivos
0,0001_DIB_1.page1.jpg
1,0001_DIB_1.page2.jpg
2,0001_FOT_2.page1.jpg
3,0001_TEX_25.page1.jpg
4,0002_DIB_3.page1.jpg
5,0008_DIB_4.page1.jpg
6,0009_DIB_5.page1.jpg
7,0011_DIB_6.page1.jpg
8,0011_DIB_6.page2.jpg
9,0014_DIB_7.page1.jpg
10,0017_DIB_8.page1.jpg
11,0019_DIB_9.page1.jpg
12,0019_DIB_9.page2.jpg
13,0019_FOT_10.page1-2.jpg
14,0019_FOT_10.page1.jpg
15,0019_FOT_10.page2.jpg
16,0020_FOT_12.page1-2.jpg
17,0020_FOT_12.page1.jpg
18,0020_MAP_11.page1.jpg
19,0021_DIB_13.page1.jpg
20,0021_FOT_14.page1-2 (1).jpg
21,0021_FOT_14.page1-2.jpg
22,0021_FOT_14.page1-3.jpg
23,0021_FOT_14.page1.jpg
24,0021_FOT_14.page2-2.jpg
25,0021_FOT_14.page2.jpg
26,0022_DIB_15.page1.jpg
27,0022_DIB_15.page2.jpg
28,0022_FOT_16.page1-2.jpg
29,0022_FOT_16.page1-3.jpg
30,0022_FOT_16.page1.jpg
31,0023_DIB_17.page1 (1).jpg
32,0023_DIB_17.page1.jpg
33,0024_FOT_18.page1-2.jpg
34,0024_FOT_18.page1-3.jpg
35,0024_FOT_18.page1.jpg
36,0024_FOT_18.page2-2.jpg
37,0024_FOT_18.page2-3.jpg
38,0024_FOT_18.page2.jpg
39,0024_FOT_18.page3-2.jpg
40,0024_FOT_18.page3-3.jpg
41,0024_FOT_18.page3.jpg
42,0024_FOT_18.page4-2.jpg
43,0024_FOT_18.page4.jpg
44,0024_FOT_18.page5-2.jpg
45,0024_FOT_18.page5-3.jpg
46,0024_FOT_18.page5.jpg
47,0024_FOT_18.page6-2.jpg
48,0024_FOT_18.page6-3.jpg
49,0024_FOT_18.page6.jpg
50,0025_DIB_19.page1.jpg
51,0025_DIB_19.page2.jpg
52,0025_FOT_20.page1-2.jpg
53,0025_FOT_20.page1.jpg
54,0025_TEX_21.page1.jpg
55,0026_DIB_22.page1.jpg
56,0026_FOT_23.page1-2.jpg
57,0026_FOT_23.page1.jpg
58,0026_FOT_23.page2.jpg
59,0028_TEX_24.page1.jpg
60,0028_TEX_24.page2.jpg
61,0028_TEX_24.page3.jpg
62,0028_TEX_24.page4.jpg
63,0028_TEX_24.page5 (1).jpg
64,0028_TEX_24.page5.jpg
65,0030_FOT_26.page1-2.jpg
66,0030_FOT_26.page1-3 (1).jpg
67,0030_FOT_26.page1-3.jpg
68,0030_FOT_26.page1.jpg
69,0030_FOT_26.page2.jpg
70,0030_MAP_70.page1.jpg
71,0030_MAP_70.page2 (1).jpg
72,0030_MAP_70.page2.jpg
73,0030_MAP_70.page3.jpg
74,0030_TEX_45.page1 (1).jpg
75,0030_TEX_45.page1.jpg
76,0030_TEX_45.page2.jpg
77,0030_TEX_46.page1.jpg
78,0030_TEX_46.page2.jpg
79,0030_TEX_46.page3.jpg
80,0030_TEX_46.page4.jpg
81,0030_TEX_47.page1.jpg
82,0030_TEX_47.page2.jpg
83,0031_DIB_27.page1.jpg
84,0031_FOT_28.page1-2.jpg
85,0031_FOT_28.page1-3.jpg
86,0031_FOT_28.page1.jpg
87,0031_FOT_28.page2.jpg
88,0032_FOT_29.page1-2.jpg
89,0032_FOT_29.page1.jpg
90,0032_FOT_29.page2.jpg
91,0033_DIB_30.page1.jpg
92,0033_DIB_30.page2.jpg
93,0033_DIB_554.page1.jpg
94,0033_MAP_43.page1.jpg
95,0033_MAP_43.page2.jpg
96,0033_TEX_44.page1.jpg
97,0034_DIB_32.page1.jpg
98,0034_FOT_31.page1-2.jpg
99,0034_FOT_31.page1.jpg
100,0034_FOT_34.page1.jpg
101,0034_FOT_34.page2.jpg
102,0034_TEX_33.page1.jpg
103,0034_TEX_48.page1.jpg
104,0034_TEX_48.page2.jpg
105,0035_DIB_35.page1 (1).jpg
106,0035_DIB_35.page1.jpg
107,0035_DIB_35.page2.jpg
108,0035_FOT_36.page1-2.jpg
109,0035_FOT_36.page1.jpg
110,0035_FOT_36.page2-2.jpg
111,0035_FOT_36.page2.jpg
112,0035_FOT_36.page3-2.jpg
113,0035_FOT_36.page3.jpg
114,0035_TEX_54.page1.jpg
115,0036_FOT_37.page1.jpg
116,0036_TEX_53.page1.jpg
117,0037_TEX_67.page1 (1).jpg
118,0037_TEX_67.page1.jpg
119,0041_DIB_38.page1.jpg
120,0041_FOT_39.page1-2.jpg
121,0041_FOT_39.page1.jpg
122,0041_FOT_39.page2-2.jpg
123,0041_FOT_39.page2-3.jpg
124,0041_FOT_39.page2.jpg
125,0041_FOT_39.page3-2.jpg
126,0041_FOT_39.page3.jpg
127,0042_FOT_68.page1-2.jpg
128,0042_FOT_68.page1.jpg
129,0042_FOT_68.page2-2.jpg
130,0042_FOT_68.page2.jpg
131,0042_FOT_68.page3-2.jpg
132,0042_FOT_68.page3-3.jpg
133,0042_FOT_68.page3.jpg
134,0042_FOT_68.page4.jpg
135,0043_FOT_69.page1-2.jpg
136,0043_FOT_69.page1.jpg
137,0043_FOT_69.page2-2 (1).jpg
138,0043_FOT_69.page2-2.jpg
139,0043_FOT_69.page2.jpg
140,0044_FOT_40.page1-2.jpg
141,0044_FOT_40.page1-3.jpg
142,0044_FOT_40.page1.jpg
143,0044_FOT_40.page2-2.jpg
144,0044_FOT_40.page2-3.jpg
145,0044_FOT_40.page2.jpg
146,0045_FOT_41.page1-2.jpg
147,0045_FOT_41.page1-3.jpg
148,0045_FOT_41.page1.jpg
149,0045_FOT_41.page2.jpg
150,0046_FOT_42.page1.jpg
151,0048_FOT_74.page1-2.jpg
152,0048_FOT_74.page1-3.jpg
153,0048_FOT_74.page1.jpg
154,0048_FOT_74.page2-2.jpg
155,0048_FOT_74.page2-3.jpg
156,0048_FOT_74.page2.jpg
157,0049_FOT_73.page1-2.jpg
158,0049_FOT_73.page1.jpg
159,0050_DIB_71.page1.jpg
160,0050_FOT_72.page1.jpg
161,0050_TEX_49.page1 (1).jpg
162,0050_TEX_49.page1.jpg
163,0050_TEX_49.page2.jpg
164,0050_TEX_50.page1.jpg
165,0050_TEX_50.page2.jpg
166,0050_TEX_51.page1.jpg
167,0050_TEX_51.page2.jpg
168,0050_TEX_52.page1.jpg
169,0050_TEX_52.page2.jpg
170,0050_TEX_52.page3.jpg
171,0052_DIB_55.page1.jpg
172,0052_FOT_56.page1 (1).jpg
173,0052_FOT_56.page1-2.jpg
174,0052_FOT_56.page1.jpg
175,0053_DIB_57.page1.jpg
176,0056_FOT_58.page1 (1).jpg
177,0056_FOT_58.page1-2.jpg
178,0056_FOT_58.page1.jpg
179,0056_FOT_58.page2.jpg
180,0059_FOT_60.page1.jpg
181,0060_FOT_61.page1-2.jpg
182,0060_FOT_61.page1.jpg
183,0060_FOT_61.page2-2.jpg
184,0060_FOT_61.page2.jpg
185,0061_FOT_62.page1-2.jpg
186,0061_FOT_62.page1.jpg
187,0061_FOT_62.page2.jpg
188,0062_DIB_63.page1.jpg
189,0062_DIB_63.page2.jpg
190,0062_FOT_64.page1-2.jpg
191,0062_FOT_64.page1.jpg
192,0062_FOT_64.page2-2.jpg
193,0062_FOT_64.page2.jpg
194,0062_FOT_64.page3.jpg
195,0063_FOT_59.page1.jpg
196,0064_DIB_65.page1.jpg
197,0064_DIB_65.page2.jpg
198,0065_FOT_66.page1 (1).jpg
199,0065_FOT_66.page1-2.jpg
200,0065_FOT_66.page1-3.jpg
201,0065_FOT_66.page1.jpg
202,0065_FOT_66.page2-2.jpg
203,0065_FOT_66.page2.jpg
204,0066_FOT_77.page1-2.jpg
205,0066_FOT_77.page1.jpg
206,0066_MAP_541.page1.jpg
207,0066_MAP_541.page2.jpg
208,0066_MAP_541.page3.jpg
209,0066_MAP_541.page4.jpg
210,0066_TEX_538.page1.jpg
211,0066_TEX_538.page2.jpg
212,0066_TEX_539.page1.jpg
213,0066_TEX_539.page2 (1).jpg
214,0066_TEX_539.page2.jpg
215,0066_TEX_540.page1.jpg
216,0066_TEX_75.page1.jpg
217,0066_TEX_75.page2.jpg
218,0066_TEX_75.page3.jpg
219,0066_TEX_75.page4.jpg
220,0066_TEX_75.page5.jpg
221,0066_TEX_75.page6.jpg
222,0066_TEX_75.page7.jpg
223,0066_TEX_75.page8.jpg
224,0066_TEX_75.page9.jpg
225,0066_TEX_76.page1.jpg
226,0066_TEX_76.page2 (1).jpg
227,0066_TEX_76.page2.jpg
228,0068_DIB_79.page1.jpg
229,0068_DIB_79.page2.jpg
230,0068_FOT_78.page1-2.jpg
231,0068_FOT_78.page1-3.jpg
232,0068_FOT_78.page1.jpg
233,0068_FOT_78.page2-2.jpg
234,0068_FOT_78.page2-3 (1).jpg
235,0068_FOT_78.page2-3.jpg
236,0068_FOT_78.page2.jpg
237,0068_FOT_78.page3-2.jpg
238,0068_FOT_78.page3-3.jpg
239,0068_FOT_78.page3.jpg
240,0068_FOT_78.page4-2.jpg
241,0068_FOT_78.page4-3.jpg
242,0068_FOT_78.page4.jpg
243,0068_FOT_78.page5-2.jpg
244,0068_FOT_78.page5-3.jpg
245,0068_FOT_78.page5.jpg
246,0068_FOT_78.page6-2.jpg
247,0068_FOT_78.page6.jpg
248,0068_FOT_78.page7-2.jpg
249,0068_FOT_78.page7-3.jpg
250,0068_FOT_78.page7.jpg
251,0068_FOT_78.page8.jpg
252,0068_FOT_80.page1-2.jpg
253,0068_FOT_80.page1.jpg
254,0068_FOT_80.page2-2.jpg
255,0068_FOT_80.page2.jpg
256,0068_FOT_80.page3.jpg
257,0068_TEX_552.page1 (1).jpg
258,0068_TEX_552.page1.jpg
259,0069_FOT_81.page1-2.jpg
260,0069_FOT_81.page1.jpg
261,0069_FOT_81.page2 (1).jpg
262,0069_FOT_81.page2.jpg
263,0070_DIB_85.page1.jpg
264,0070_FOT_86.page1-2.jpg
265,0070_FOT_86.page1-3.jpg
266,0070_FOT_86.page1.jpg
267,0070_FOT_86.page2.jpg
268,0070_FOT_86.page3 (1).jpg
269,0070_FOT_86.page3.jpg
270,0070_FOT_86.page4.jpg
271,0070_MAP_83.page1.jpg
272,0070_MAP_83.page2 (1).jpg
273,0070_MAP_83.page2.jpg
274,0070_TEX_82.page1.jpg
275,0070_TEX_82.page2.jpg
276,0070_TEX_84.page1.jpg
277,0070_TEX_84.page2.jpg
278,0070_TEX_84.page3.jpg
279,0071_FOT_87.page1-2.jpg
280,0071_FOT_87.page1.jpg
281,0071_FOT_87.page2-2.jpg
282,0071_FOT_87.page2.jpg
283,0072_FOT_88.page1-2.jpg
284,0072_FOT_88.page1.jpg
285,0072_FOT_88.page2-2.jpg
286,0072_FOT_88.page2.jpg
287,0073_DIB_90.page1.jpg
288,0073_DIB_90.page2.jpg
289,0073_FOT_89.page1-2.jpg
290,0073_FOT_89.page1.jpg
291,0073_FOT_89.page2-2.jpg
292,0073_FOT_89.page2.jpg
293,0073_FOT_89.page3.jpg
294,0074_DIB_91.page1.jpg
295,0074_FOT_92.page1-2.jpg
296,0074_FOT_92.page1-3.jpg
297,0074_FOT_92.page1.jpg
298,0074_FOT_92.page2-2.jpg
299,0074_FOT_92.page2-3 (1).jpg
300,0074_FOT_92.page2-3.jpg
301,0074_FOT_92.page2.jpg
302,0075_DIB_97.page1 (1).jpg
303,0075_DIB_97.page1.jpg
304,0075_FOT_93.page1-2.jpg
305,0075_FOT_93.page1.jpg
306,0075_FOT_93.page2-2.jpg
307,0075_FOT_93.page2.jpg
308,0076_FOT_94.page1-2.jpg
309,0076_FOT_94.page1.jpg
310,0076_FOT_94.page2-2.jpg
311,0076_FOT_94.page2-3 (1).jpg
312,0076_FOT_94.page2-3.jpg
313,0076_FOT_94.page2.jpg
314,0077_FOT_95.page1-2 (1).jpg
315,0077_FOT_95.page1-2.jpg
316,0077_FOT_95.page1-3.jpg
317,0077_FOT_95.page1.jpg
318,0078_FOT_96.page1 (1).jpg
319,0078_FOT_96.page1-2.jpg
320,0078_FOT_96.page1.jpg
321,0079_FOT_98.page1 (1).jpg
322,0079_FOT_98.page1-2.jpg
323,0079_FOT_98.page1.jpg
324,0079_FOT_98.page2.jpg
325,0080_FOT_100.page1.jpg
326,0080_FOT_100.page2-2.jpg
327,0080_FOT_100.page2.jpg
328,0080_TEX_99.page1.jpg
329,0080_TEX_99.page2.jpg
330,0081_DIB_101.page1.jpg
331,0081_FOT_102.page1-2.jpg
332,0081_FOT_102.page1.jpg
333,0081_FOT_102.page2.jpg
334,0082_DIB_103.page1.jpg
335,0082_FOT_104.page1 (1).jpg
336,0082_FOT_104.page1-2.jpg
337,0082_FOT_104.page1.jpg
338,0083_FOT_105.page1.jpg
339,0084_FOT_106.page1.jpg
340,0085_DIB_107.page1.jpg
341,0085_FOT_108.page1.jpg
342,0086_FOT_109.page1.jpg
343,0087_DIB_110.page1.jpg
344,0087_DIB_110.page2.jpg
345,0087_DIB_111.page1.jpg
346,0087_DIB_111.page2.jpg
347,0087_FOT_112.page1-2.jpg
348,0087_FOT_112.page1.jpg
349,0088_DIB_553.page1.jpg
350,0090_DIB_113.page1.jpg
351,0090_DIB_113.page2.jpg
352,0091_DIB_114.page1.jpg
353,0092_DIB_115.page1.jpg
354,0093_DIB_116.page1.jpg
355,0094_DIB_117.page1.jpg
356,0096_FOT_119.page1 (1).jpg
357,0096_FOT_119.page1.jpg
358,0097_DIB_120.page1.jpg
359,0098_DIB_121.page1.jpg
360,0098_DIB_121.page2.jpg
361,0099_DIB_122.page1.jpg
362,0100_DIB_123.page1.jpg
363,0101_DIB_124.page1.jpg
364,0102_DIB_125.page1.jpg
365,0102_DIB_125.page2.jpg
366,0104_DIB_126.page1.jpg
367,0105_DIB_127.page1 (1).jpg
368,0105_DIB_127.page1.jpg
369,0106_DIB_128.page1.jpg
370,0106_DIB_128.page2.jpg
371,0107_FOT_129.page1.jpg
372,0109_DIB_130.page1.jpg
373,0109_FOT_131.page1-2.jpg
374,0109_FOT_131.page1-3 (1).jpg
375,0109_FOT_131.page1-3.jpg
376,0109_FOT_131.page1.jpg
377,0109_FOT_131.page2-2.jpg
378,0109_FOT_131.page2.jpg
379,0110_DIB_132.page1.jpg
380,0111_FOT_133.page1.jpg
381,0113_DIB_134.page1.jpg
382,0114_DIB_135.page1 (1).jpg
383,0114_DIB_135.page1.jpg
384,0114_FOT_136.page1-2 (1).jpg
385,0114_FOT_136.page1-2.jpg
386,0114_FOT_136.page1-3.jpg
387,0114_FOT_136.page1.jpg
388,0114_FOT_136.page2-2.jpg
389,0114_FOT_136.page2.jpg
390,0115_FOT_137.page1-2.jpg
391,0115_FOT_137.page1.jpg
392,0115_FOT_137.page2-2 (1).jpg
393,0115_FOT_137.page2-2.jpg
394,0115_FOT_137.page2-3 (1).jpg
395,0115_FOT_137.page2-3.jpg
396,0115_FOT_137.page2.jpg
397,0116_DIB_138.page1.jpg
398,0117_DIB_139.page1.jpg
399,0118_DIB_140.page1.jpg
400,0118_FOT_141.page1.jpg
401,0121_DIB_142.page1.jpg
402,0121_DIB_147.page1.jpg
403,0121_DIB_147.page2 (1).jpg
404,0121_DIB_147.page2.jpg
405,0121_FOT_146.page1-2.jpg
406,0121_FOT_146.page1.jpg
407,0121_FOT_146.page2-2.jpg
408,0121_FOT_146.page2-3.jpg
409,0121_FOT_146.page2.jpg
410,0121_TEX_143.page1.jpg
411,0121_TEX_143.page2.jpg
412,0121_TEX_144.page1.jpg
413,0121_TEX_145.page1.jpg
414,0121_TEX_145.page2.jpg
415,0121_TEX_145.page3.jpg
416,0121_TEX_145.page4.jpg
417,0121_TEX_145.page5.jpg
418,0122_DIB_148.page1.jpg
419,0122_FOT_149.page1-2.jpg
420,0122_FOT_149.page1.jpg
421,0123_DIB_151.page1.jpg
422,0123_DIB_151.page2-2.jpg
423,0123_DIB_151.page2.jpg
424,0123_DIB_151.page3-2.jpg
425,0123_DIB_151.page3.jpg
426,0123_DIB_151.page4-2.jpg
427,0123_DIB_151.page4.jpg
428,0123_DIB_151.page5-2.jpg
429,0123_DIB_151.page5-3.jpg
430,0123_DIB_151.page5.jpg
431,0123_DIB_151.page6-2.jpg
432,0123_DIB_151.page6-3.jpg
433,0123_DIB_151.page6.jpg
434,0123_DIB_151.page7.jpg
435,0123_FOT_150.page1-2 (1).jpg
436,0123_FOT_150.page1-2.jpg
437,0123_FOT_150.page1.jpg
438,0123_FOT_150.page2-2.jpg
439,0123_FOT_150.page2.jpg
440,0124_FOT_152.page1-2.jpg
441,0124_FOT_152.page1.jpg
442,0124_FOT_152.page2-2 (1).jpg
443,0124_FOT_152.page2-2.jpg
444,0124_FOT_152.page2.jpg
445,0124_FOT_152.page3-2.jpg
446,0124_FOT_152.page3.jpg
447,0124_FOT_152.page4-2 (1).jpg
448,0124_FOT_152.page4-2.jpg
449,0124_FOT_152.page4-3.jpg
450,0124_FOT_152.page4.jpg
451,0124_FOT_152.page5-2.jpg
452,0124_FOT_152.page5-3.jpg
453,0124_FOT_152.page5.jpg
454,0124_FOT_152.page6.jpg
455,0125_FOT_153.page1-2.jpg
456,0125_FOT_153.page1.jpg
457,0125_FOT_153.page2-2.jpg
458,0125_FOT_153.page2.jpg
459,0126_FOT_154.page1.jpg
460,0127_DIB_158.page1.jpg
461,0127_FOT_157.page1-2.jpg
462,0127_FOT_157.page1.jpg
463,0127_TEX_155.page1.jpg
464,0127_TEX_155.page2.jpg
465,0127_TEX_155.page3.jpg
466,0127_TEX_156.page1.jpg
467,0127_TEX_156.page2.jpg
468,0127_TEX_156.page3.jpg
469,0127_TEX_156.page4.jpg
470,0127_TEX_156.page5.jpg
471,0127_TEX_156.page6.jpg
472,0127_TEX_156.page7.jpg
473,0129_FOT_159.page1 (1).jpg
474,0129_FOT_159.page1-2.jpg
475,0129_FOT_159.page1.jpg
476,0129_FOT_159.page2-2.jpg
477,0129_FOT_159.page2-3.jpg
478,0129_FOT_159.page2.jpg
479,0131_DIB_160.page1.jpg
480,0131_FOT_161.page1.jpg
481,0134_DIB_162.page1 (1).jpg
482,0134_DIB_162.page1.jpg
483,0134_FOT_163.page1-2.jpg
484,0134_FOT_163.page1.jpg
485,0134_FOT_163.page2.jpg
486,0135_DIB_164.page1.jpg
487,0135_DIB_164.page2.jpg
488,0135_FOT_165.page1-2.jpg
489,0135_FOT_165.page1.jpg
490,0135_FOT_165.page3-2.jpg
491,0135_FOT_165.page3.jpg
492,0135_FOT_165.page4-2.jpg
493,0135_FOT_165.page4-3.jpg
494,0135_FOT_165.page4.jpg
495,0135_FOT_165.page5.jpg
496,0136_FOT_166.page1-2.jpg
497,0136_FOT_166.page1-3.jpg
498,0136_FOT_166.page1.jpg
499,0136_FOT_166.page2.jpg
500,0137_FOT_167.page1-2.jpg
501,0137_FOT_167.page1-3.jpg
502,0137_FOT_167.page1.jpg
503,0137_FOT_167.page2-2.jpg
504,0137_FOT_167.page2-3.jpg
505,0137_FOT_167.page2.jpg
506,0137_FOT_167.page3-2.jpg
507,0137_FOT_167.page3.jpg
508,0141_FOT_168.page1-2.jpg
509,0141_FOT_168.page1.jpg
510,0141_FOT_168.page2.jpg
511,0142_DIB_170.page1.jpg
512,0142_FOT_169.page1-2.jpg
513,0142_FOT_169.page1-3.jpg
514,0142_FOT_169.page1.jpg
515,0142_FOT_169.page2-2.jpg
516,0142_FOT_169.page2.jpg
517,0144_FOT_171.page1 (1).jpg
518,0144_FOT_171.page1-2 (1).jpg
519,0144_FOT_171.page1-2.jpg
520,0144_FOT_171.page1-3.jpg
521,0144_FOT_171.page1.jpg
522,0145_DIB_172.page1-2.jpg
523,0145_DIB_172.page1.jpg
524,0145_DIB_172.page2.jpg
525,0145_DIB_172.page3.jpg
526,0146_DIB_173.page1.jpg
527,0146_FOT_174.page1-2.jpg
528,0146_FOT_174.page1.jpg
529,0147_FOT_175.page1-2.jpg
530,0147_FOT_175.page1.jpg
531,0147_FOT_175.page2-2.jpg
532,0147_FOT_175.page2.jpg
533,0148_MAP_176.page1.jpg
534,0148_MAP_176.page2.jpg
535,0148_MAP_176.page3.jpg
536,0148_MAP_176.page4.jpg
537,0148_MAP_176.page5.jpg
538,0149_DIB_177.page1.jpg
539,0149_FOT_178.page1.jpg
540,0150_DIB_208.page1.jpg
541,0150_FOT_209.page1.jpg
542,0150_MAP_182.page1.jpg
543,0150_MAP_182.page2.jpg
544,0150_MAP_182.page3.jpg
545,0150_MAP_182.page4.jpg
546,0151_DIB_179.page1.jpg
547,0152_DIB_180.page1.jpg
548,0153_DIB_181.page1.jpg
549,0153_DIB_181.page2.jpg
550,0154_DIB_183.page1.jpg
551,0155_DIB_184.page1.jpg
552,0156_DIB_185.page1.jpg
553,0157_DIB_186.page1.jpg
554,0157_FOT_187.page1.jpg
555,0158_DIB_188.page1.jpg
556,0159_DIB_189.page1.jpg
557,0159_FOT_190.page1.jpg
558,0160_DIB_191.page1.jpg
559,0160_FOT_192.page1.jpg
560,0162_FOT_193.page1.jpg
561,0163_DIB_194.page1.jpg
562,0164_DIB_196.page1.jpg
563,0164_FOT_197.page1-2.jpg
564,0164_FOT_197.page1.jpg
565,0164_MAP_195.page1.jpg
566,0164_MAP_195.page2.jpg
567,0164_MAP_195.page3.jpg
568,0164_MAP_195.page4.jpg
569,0165_DIB_198.page1.jpg
570,0170_FOT_199.page1.jpg
571,0171_TEX_200.page1.jpg
572,0172_DIB_201.page1.jpg
573,0172_FOT_202.page1.jpg
574,0173_DIB_204.page1.jpg
575,0173_FOT_203.page1.jpg
576,0174_FOT_205.page1.jpg
577,0175_DIB_207.page1.jpg
578,0175_DIB_207.page2.jpg
579,0175_FOT_206.page1.jpg
580,0176_DIB_210.page1.jpg
581,0177_DIB_211.page1.jpg
582,0178_DIB_212.page1.jpg
583,0179_DIB_213.page1.jpg
584,0179_FOT_214.page1.jpg
585,0180_DIB_216.page1.jpg
586,0180_FOT_215.page1.jpg
587,0181_DIB_217.page1.jpg
588,0182_FOT_218.page1.jpg
589,0183_DIB_219.page1.jpg
590,0184_DIB_220.page1.jpg
591,0185_DIB_221.page1.jpg
592,0186_FOT_222.page1.jpg
593,0186_FOT_222.page2.jpg
594,0186_FOT_222.page3.jpg
595,0187_FOT_223.page1 (1).jpg
596,0187_FOT_223.page1.jpg
597,0188_DIB_224.page1.jpg
598,0188_DIB_226.page1.jpg
599,0188_FOT_227.page1 (1).jpg
600,0188_FOT_227.page1.jpg
601,0189_DIB_225.page1.jpg
602,0190_DIB_228.page1.jpg
603,0191_DIB_229.page1.jpg
604,0192_DIB_230.page1.jpg
605,0192_FOT_231.page1.jpg
606,0193_FOT_232.page1.jpg
607,0194_DIB_233.page1.jpg
608,0194_MAP_234.page1.jpg
609,0194_MAP_234.page2.jpg
610,0195_MAP_235.page1.jpg
611,0195_MAP_235.page2.jpg
612,0197_FOT_236.page1.jpg
613,0198_FOT_237.page1-2.jpg
614,0198_FOT_237.page1.jpg
615,0198_FOT_237.page2.jpg
616,0200_TEX_238.page1.jpg
617,0200_TEX_238.page2.jpg
618,0203_MAP_239.page1.jpg
619,0203_MAP_239.page2 (1).jpg
620,0203_MAP_239.page2.jpg
621,0203_TEX_264.page01.jpg
622,0203_TEX_264.page02.jpg
623,0203_TEX_264.page03.jpg
624,0203_TEX_264.page04.jpg
625,0203_TEX_264.page05.jpg
626,0203_TEX_264.page06.jpg
627,0203_TEX_264.page07.jpg
628,0203_TEX_264.page08.jpg
629,0203_TEX_264.page09 (1).jpg
630,0203_TEX_264.page09.jpg
631,0203_TEX_264.page10.jpg
632,0203_TEX_264.page11.jpg
633,0203_TEX_264.page12.jpg
634,0203_TEX_264.page13.jpg
635,0203_TEX_264.page14.jpg
636,0203_TEX_264.page15.jpg
637,0203_TEX_264.page16.jpg
638,0204_DIB_241.page1.jpg
639,0204_FOT_242.page1.jpg
640,0204_MAP_240.page1 (1).jpg
641,0204_MAP_240.page1.jpg
642,0204_MAP_240.page2.jpg
643,0204_MAP_240.page3.jpg
644,0204_MAP_240.page4.jpg
645,0205_FOT_243.page1.jpg
646,0206_DIB_244.page1.jpg
647,0206_FOT_245.page1.jpg
648,0207_DIB_247.page1.jpg
649,0207_DIB_247.page2.jpg
650,0207_FOT_246.page1.jpg
651,0213_DIB_248.page1.jpg
652,0215_DIB_249.page1.jpg
653,0215_FOT_250.page1.jpg
654,0216_DIB_251.page1.jpg
655,0216_FOT_252.page1.jpg
656,0217_DIB_253.page1.jpg
657,0218_DIB_254.page1.jpg
658,0221_FOT_255.page1.jpg
659,0224_DIB_256.page1.jpg
660,0225_DIB_257.page1.jpg
661,0225_FOT_258.page1.jpg
662,0226_DIB_259.page1 (1).jpg
663,0226_DIB_259.page1.jpg
664,0226_FOT_260.page1 (1).jpg
665,0226_FOT_260.page1.jpg
666,0227_DIB_262.page1.jpg
667,0227_FOT_261.page1.jpg
668,0228_DIB_263.page1.jpg
669,0229_DIB_268.page1.jpg
670,0229_MAP_265.page1.jpg
671,0229_MAP_265.page2.jpg
672,0230_DIB_266.page1.jpg
673,0232_DIB_267.page1.jpg
674,0233_FOT_269.page1.jpg
675,0236_FOT_270.page1-2.jpg
676,0236_FOT_270.page1.jpg
677,0240_FOT_271.page1.jpg
678,0241_FOT_334.page1.jpg
679,0242_DIB_333.page1.jpg
680,0243_DIB_272.page1.jpg
681,0244_DIB_273.page1.jpg
682,0251_DIB_274.page1.jpg
683,0251_FOT_275.page1-2.jpg
684,0251_FOT_275.page1.jpg
685,0255_DIB_276.page1.jpg
686,0255_DIB_277.page1.jpg
687,0255_FOT_278.page1-2.jpg
688,0255_FOT_278.page1.jpg
689,0257_DIB_279.page1.jpg
690,0258_DIB_280.page1.jpg
691,0262_FOT_281.page1.jpg
692,0263_DIB_282.page1.jpg
693,0264_DIB_283.page1.jpg
694,0264_DIB_283.page2.jpg
695,0264_FOT_284.page1.jpg
696,0265_DIB_285.page1 (1).jpg
697,0265_DIB_285.page1.jpg
698,0266_DIB_286.page1.jpg
699,0271_DIB_287.page1.jpg
700,0275_DIB_288.page1.jpg
701,0277_DIB_289.page1.jpg
702,0277_DIB_289.page2.jpg
703,0277_FOT_290.page1.jpg
704,0279_DIB_291.page1.jpg
705,0285_DIB_292.page1.jpg
706,0285_FOT_293.page1.jpg
707,0287_DIB_294.page1.jpg
708,0288_DIB_295.page1.jpg
709,0288_FOT_296.page1.jpg
710,0289_DIB_298.page1.jpg
711,0289_FOT_297.page1.jpg
712,0290_DIB_299.page1.jpg
713,0290_FOT_300.page1.jpg
714,0291_DIB_301.page1.jpg
715,0291_FOT_302.page1-2.jpg
716,0291_FOT_302.page1.jpg
717,0292_DIB_303.page1.jpg
718,0293_DIB_304.page1.jpg
719,0293_FOT_305.page1-2.jpg
720,0293_FOT_305.page1.jpg
721,0294_DIB_306.page1.jpg
722,0295_DIB_307.page1.jpg
723,0295_FOT_308.page1-2.jpg
724,0295_FOT_308.page1.jpg
725,0296_DIB_309.page1.jpg
726,0297_DIB_310.page1.jpg
727,0297_FOT_311.page1-2.jpg
728,0297_FOT_311.page1.jpg
729,0297_FOT_311.page2.jpg
730,0297_FOT_311.page3-2.jpg
731,0297_FOT_311.page3.jpg
732,0298_DIB_312.page1.jpg
733,0299_DIB_313.page1.jpg
734,0300_DIB_314.page1.jpg
735,0301_DIB_315.page1.jpg
736,0302_DIB_316.page1.jpg
737,0303_DIB_317.page1.jpg
738,0303_DIB_317.page2.jpg
739,0303_FOT_318.page1.jpg
740,0304_DIB_319.page1.jpg
741,0305_DIB_320.page1.jpg
742,0306_DIB_321.page1.jpg
743,0306_DIB_321.page2.jpg
744,0307_DIB_322.page1.jpg
745,0308_DIB_323.page1.jpg
746,0309_DIB_324.page1.jpg
747,0311_DIB_325.page1.jpg
748,0311_FOT_326.page1-2.jpg
749,0311_FOT_326.page1.jpg
750,0312_DIB_327.page1.jpg
751,0314_DIB_328.page1 (1).jpg
752,0314_DIB_328.page1.jpg
753,0314_FOT_329.page1.jpg
754,0314_FOT_329.page2.jpg
755,0315_DIB_330.page1.jpg
756,0316_DIB_331.page1.jpg
757,0316_FOT_332.page1-2.jpg
758,0316_FOT_332.page1.jpg
759,0317_DIB_335.page1.jpg
760,0317_FOT_336.page1-2.jpg
761,0317_FOT_336.page1.jpg
762,0317_FOT_336.page2.jpg
763,0318_DIB_337.page1.jpg
764,0318_FOT_338.page1-2.jpg
765,0318_FOT_338.page1-3 (1).jpg
766,0318_FOT_338.page1-3.jpg
767,0318_FOT_338.page1.jpg
768,0318_FOT_338.page2-2.jpg
769,0318_FOT_338.page2-3.jpg
770,0318_FOT_338.page2.jpg
771,0319_DIB_340.page1.jpg
772,0319_FOT_339.page1-2.jpg
773,0319_FOT_339.page1-3.jpg
774,0319_FOT_339.page1.jpg
775,0319_FOT_339.page2-2.jpg
776,0319_FOT_339.page2-3.jpg
777,0319_FOT_339.page2.jpg
778,0320_DIB_341.page1.jpg
779,0320_FOT_342.page1-2.jpg
780,0320_FOT_342.page1.jpg
781,0320_FOT_342.page2-2.jpg
782,0320_FOT_342.page2-3 (1).jpg
783,0320_FOT_342.page2-3.jpg
784,0320_FOT_342.page2.jpg
785,0320_FOT_342.page3 (1).jpg
786,0320_FOT_342.page3-2.jpg
787,0320_FOT_342.page3-3.jpg
788,0320_FOT_342.page3.jpg
789,0321_FOT_344.page1-2.jpg
790,0321_FOT_344.page1-3.jpg
791,0321_FOT_344.page1.jpg
792,0321_FOT_344.page2-2.jpg
793,0321_FOT_344.page2-3.jpg
794,0321_FOT_344.page2.jpg
795,0321_MAP_371.page1.jpg
796,0321_MAP_371.page2.jpg
797,0322_DIB_496.page1.jpg
798,0322_MAP_369.page1.jpg
799,0322_MAP_369.page2.jpg
800,0323_DIB_495.page1 (1).jpg
801,0323_DIB_495.page1.jpg
802,0324_DIB_494.page1.jpg
803,0325_DIB_492.page1.jpg
804,0326_DIB_493.page1.jpg
805,0326_MAP_368.page1.jpg
806,0326_MAP_368.page2.jpg
807,0329_DIB_345.page1.jpg
808,0329_DIB_345.page2.jpg
809,0329_FOT_346.page1-2.jpg
810,0329_FOT_346.page1.jpg
811,0330_DIB_347.page1.jpg
812,0330_DIB_347.page2.jpg
813,0330_FOT_348.page1-2.jpg
814,0330_FOT_348.page1.jpg
815,0330_FOT_348.page2.jpg
816,0330_TEX_364.page1.jpg
817,0330_TEX_364.page2.jpg
818,0330_TEX_365.page1.jpg
819,0330_TEX_365.page2.jpg
820,0331_DIB_349.page1.jpg
821,0331_FOT_350.page1-2.jpg
822,0331_FOT_350.page1.jpg
823,0331_FOT_350.page2.jpg
824,0331_TEX_363.page1.jpg
825,0331_TEX_363.page2.jpg
826,0332_DIB_353.page1.jpg
827,0332_FOT_351.page1-2.jpg
828,0332_FOT_351.page1.jpg
829,0332_FOT_352.page1.jpg
830,0332_TEX_366.page1.jpg
831,0332_TEX_366.page2.jpg
832,0333_DIB_354.page1.jpg
833,0333_FOT_355.page1-2.jpg
834,0333_FOT_355.page1.jpg
835,0333_MAP_370.page1.jpg
836,0333_MAP_370.page2.jpg
837,0334_DIB_356.page1.jpg
838,0335_DIB_357.page1.jpg
839,0336_DIB_358.page1.jpg
840,0336_FOT_359.page1 (1).jpg
841,0336_FOT_359.page1.jpg
842,0336_MAP_367.page1.jpg
843,0337_FOT_360.page1.jpg
844,0338_DIB_361.page1.jpg
845,0338_FOT_362.page1-2.jpg
846,0338_FOT_362.page1.jpg
847,0342_DIB_372.page1.jpg
848,0343_DIB_373.page1.jpg
849,0344_FOT_374.page1.jpg
850,0353_DIB_375.page1.jpg
851,0353_FOT_376.page1-2.jpg
852,0353_FOT_376.page1.jpg
853,0354_FOT_377.page1.jpg
854,0354_FOT_377.page2.jpg
855,0355_FOT_379.page01.jpg
856,0355_FOT_379.page02.jpg
857,0355_FOT_379.page03.jpg
858,0355_FOT_379.page04.jpg
859,0355_FOT_379.page05.jpg
860,0355_FOT_379.page06.jpg
861,0355_FOT_379.page07.jpg
862,0355_FOT_379.page08.jpg
863,0355_FOT_379.page09.jpg
864,0355_FOT_379.page10.jpg
865,0355_FOT_379.page11.jpg
866,0355_FOT_379.page12.jpg
867,0355_FOT_379.page13.jpg
868,0355_FOT_379.page14.jpg
869,0355_FOT_379.page15 (1).jpg
870,0355_FOT_379.page15.jpg
871,0355_FOT_379.page16.jpg
872,0355_FOT_379.page17.jpg
873,0355_FOT_379.page18.jpg
874,0355_FOT_379.page19.jpg
875,0355_FOT_379.page20.jpg
876,0355_FOT_379.page21 (1).jpg
877,0355_FOT_379.page21.jpg
878,0355_FOT_379.page22.jpg
879,0355_FOT_379.page23.jpg
880,0355_FOT_379.page24.jpg
881,0355_FOT_379.page25.jpg
882,0355_FOT_379.page26 (1).jpg
883,0355_FOT_379.page26.jpg
884,0355_FOT_379.page27.jpg
885,0355_FOT_379.page28.jpg
886,0355_FOT_379.page29.jpg
887,0355_FOT_379.page30.jpg
888,0355_FOT_379.page31.jpg
889,0355_FOT_379.page32.jpg
890,0355_TEX_378.page01.jpg
891,0355_TEX_378.page02.jpg
892,0355_TEX_378.page03.jpg
893,0355_TEX_378.page04.jpg
894,0355_TEX_378.page05.jpg
895,0355_TEX_378.page06 (1).jpg
896,0355_TEX_378.page06.jpg
897,0355_TEX_378.page07.jpg
898,0355_TEX_378.page08.jpg
899,0355_TEX_378.page09.jpg
900,0355_TEX_378.page10.jpg
901,0355_TEX_378.page11.jpg
902,0355_TEX_378.page12.jpg
903,0355_TEX_378.page13.jpg
904,0355_TEX_378.page14.jpg
905,0356_DIB_380.page1.jpg
906,0356_DIB_380.page2.jpg
907,0356_DIB_380.page3.jpg
908,0356_DIB_381.page1.jpg
909,0356_DIB_381.page2.jpg
910,0356_DIB_382.page1.jpg
911,0356_DIB_382.page2.jpg
912,0356_MAP_412.page1.jpg
913,0356_TEX_411.page1.jpg
914,0356_TEX_411.page2.jpg
915,0356_TEX_411.page3.jpg
916,0357_DIB_383.page1.jpg
917,0357_DIB_383.page2.jpg
918,0358_FOT_384.page1.jpg
919,0358_MAP_417.page1.jpg
920,0358_MAP_417.page2.jpg
921,0358_MAP_417.page3.jpg
922,0358_TEX_385.page1.jpg
923,0359_DIB_386.page1.jpg
924,0359_FOT_387.page1-2.jpg
925,0359_FOT_387.page1-3.jpg
926,0359_FOT_387.page1.jpg
927,0359_FOT_387.page2.jpg
928,0359_MAP_416.page1.jpg
929,0359_MAP_416.page2.jpg
930,0359_TEX_415.page1.jpg
931,0359_TEX_415.page2.jpg
932,0360_DIB_388.page1.jpg
933,0360_FOT_409.page1.jpg
934,0361_DIB_389.page1.jpg
935,0362_DIB_390.page1.jpg
936,0363_DIB_391.page1.jpg
937,0364_DIB_392.page1.jpg
938,0365_DIB_393.page1.jpg
939,0366_DIB_394.page1.jpg
940,0367_DIB_395.page1.jpg
941,0368_DIB_396.page1.jpg
942,0369_DIB_397.page1.jpg
943,0369_DIB_397.page2.jpg
944,0370_DIB_398.page1.jpg
945,0371_DIB_399.page1.jpg
946,0371_DIB_399.page2.jpg
947,0372_DIB_400.page1.jpg
948,0372_MAP_418.page1.jpg
949,0372_MAP_418.page2.jpg
950,0372_TEX_419.page1 (1).jpg
951,0372_TEX_419.page1.jpg
952,0373_DIB_401.page1.jpg
953,0373_DIB_401.page2.jpg
954,0373_MAP_414.page1.jpg
955,0373_TEX_413.page1.jpg
956,0373_TEX_413.page2.jpg
957,0373_TEX_413.page3.jpg
958,0374_DIB_402.page1 (1).jpg
959,0374_DIB_402.page1.jpg
960,0374_DIB_402.page2.jpg
961,0375_DIB_403.page1.jpg
962,0375_DIB_403.page2.jpg
963,0375_FOT_405.page1-2.jpg
964,0375_FOT_405.page1.jpg
965,0375_FOT_405.page2.jpg
966,0375_FOT_405.page3 (1).jpg
967,0375_FOT_405.page3.jpg
968,0375_FOT_405.page4.jpg
969,0375_TEX_404.page1.jpg
970,0376_DIB_406.page1.jpg
971,0377_DIB_407.page1.jpg
972,0377_DIB_407.page2.jpg
973,0377_DIB_407.page3.jpg
974,0378_DIB_408.page1.jpg
975,0378_MAP_422.page1.jpg
976,0378_MAP_422.page3.jpg
977,0378_MAP_422.page4.jpg
978,0378_MAP_422.page5.jpg
979,0378_MAP_422.page6.jpg
980,0378_TEX_410.page1.jpg
981,0378_TEX_410.page2.jpg
982,0378_TEX_410.page3.jpg
983,0378_TEX_410.page4.jpg
984,0378_TEX_410.page5.jpg
985,0378_TEX_410.page6.jpg
986,0378_TEX_410.page7.jpg
987,0378_TEX_410.page8.jpg
988,0379_DIB_423.page1.jpg
989,0379_DIB_423.page2.jpg
990,0379_DIB_423.page3.jpg
991,0379_DIB_423.page4.jpg
992,0379_DIB_423.page5.jpg
993,0379_FOT_424.page1 (1).jpg
994,0379_FOT_424.page1.jpg
995,0379_MAP_421.page1.jpg
996,0379_TEX_420.page1 (1).jpg
997,0379_TEX_420.page1.jpg
998,0379_TEX_420.page2.jpg
999,0379_TEX_420.page3 (1).jpg
1000,0379_TEX_420.page3.jpg
1001,0380_DIB_425.page1.jpg
1002,0380_DIB_425.page2.jpg
1003,0380_DIB_425.page3.jpg
1004,0380_DIB_425.page4.jpg
1005,0381_DIB_426.page1.jpg
1006,0381_DIB_426.page2.jpg
1007,0381_FOT_427.page1-2.jpg
1008,0381_FOT_427.page1.jpg
1009,0381_FOT_427.page2.jpg
1010,0381_FOT_427.page3 (1).jpg
1011,0381_FOT_427.page3-2.jpg
1012,0381_FOT_427.page3.jpg
1013,0382_DIB_428.page1.jpg
1014,0382_DIB_428.page2.jpg
1015,0382_DIB_428.page3.jpg
1016,0382_DIB_428.page4.jpg
1017,0383_DIB_429.page1.jpg
1018,0383_DIB_429.page2.jpg
1019,0383_DIB_429.page3.jpg
1020,0384_DIB_430.page1.jpg
1021,0384_DIB_430.page2.jpg
1022,0384_DIB_430.page3.jpg
1023,0384_FOT_431.page1.jpg
1024,0385_DIB_432.page1.jpg
1025,0385_DIB_432.page2.jpg
1026,0385_DIB_432.page3.jpg
1027,0385_DIB_432.page4.jpg
1028,0386_DIB_433.page1 (1).jpg
1029,0386_DIB_433.page1.jpg
1030,0386_DIB_433.page2.jpg
1031,0386_DIB_433.page3.jpg
1032,0387_DIB_434.page1.jpg
1033,0387_DIB_434.page2.jpg
1034,0387_DIB_434.page3 (1).jpg
1035,0387_DIB_434.page3.jpg
1036,0387_DIB_434.page4.jpg
1037,0387_FOT_435.page1-2.jpg
1038,0387_FOT_435.page1.jpg
1039,0388_DIB_436.page1 (1).jpg
1040,0388_DIB_436.page1.jpg
1041,0388_DIB_436.page2.jpg
1042,0388_DIB_436.page3.jpg
1043,0388_DIB_436.page4.jpg
1044,0388_DIB_436.page5.jpg
1045,0388_DIB_457.page1.jpg
1046,0388_DIB_457.page2.jpg
1047,0388_DIB_457.page3.jpg
1048,0389_FOT_437.page1.jpg
1049,0389_TEX_456.page1.jpg
1050,0390_DIB_438.page1.jpg
1051,0391_DIB_439.page1.jpg
1052,0391_DIB_439.page2 (1).jpg
1053,0391_DIB_439.page2.jpg
1054,0391_DIB_439.page3.jpg
1055,0391_DIB_439.page4.jpg
1056,0392_DIB_440.page1.jpg
1057,0392_FOT_441.page1 (1).jpg
1058,0392_FOT_441.page1.jpg
1059,0393_DIB_442.page1.jpg
1060,0394_DIB_460.page1.jpg
1061,0394_DIB_460.page2.jpg
1062,0395_DIB_443.page1.jpg
1063,0396_DIB_444.page1.jpg
1064,0397_DIB_445.page1.jpg
1065,0398_DIB_446.page1.jpg
1066,0398_DIB_446.page2 (1).jpg
1067,0398_DIB_446.page2.jpg
1068,0399_DIB_447.page1.jpg
1069,0399_DIB_447.page2 (1).jpg
1070,0399_DIB_447.page2.jpg
1071,0400_DIB_448.page1.jpg
1072,0400_DIB_448.page2.jpg
1073,0402_DIB_449.page1.jpg
1074,0402_DIB_449.page2.jpg
1075,0403_DIB_461.page1.jpg
1076,0404_DIB_450.page1.jpg
1077,0404_DIB_450.page2.jpg
1078,0405_DIB_451.page1.jpg
1079,0405_DIB_451.page2.jpg
1080,0406_DIB_458.page1.jpg
1081,0407_DIB_459.page1 (1).jpg
1082,0407_DIB_459.page1.jpg
1083,0408_DIB_452.page1.jpg
1084,0409_DIB_453.page1.jpg
1085,0409_DIB_453.page2 (1).jpg
1086,0409_DIB_453.page2.jpg
1087,0410_DIB_454.page1.jpg
1088,0410_DIB_454.page2.jpg
1089,0411_DIB_455.page1.jpg
1090,0411_DIB_455.page2.jpg
1091,0413_FOT_462.page1 (1).jpg
1092,0413_FOT_462.page1.jpg
1093,0413_TEX_463.page1.jpg
1094,0413_TEX_463.page2.jpg
1095,0413_TEX_463.page3.jpg
1096,0414_FOT_464.page1.jpg
1097,0414_FOT_464.page2.jpg
1098,0414_MAP_465.page1.jpg
1099,0414_MAP_465.page2.jpg
1100,0416_DIB_467.page1.jpg
1101,0416_FOT_466.page1.jpg
1102,0416_FOT_466.page2.jpg
1103,0417_DIB_469.page1 (1).jpg
1104,0417_DIB_469.page1.jpg
1105,0417_FOT_468.page1.jpg
1106,0417_FOT_468.page2.jpg
1107,0418_FOT_471.page1.jpg
1108,0418_TEX_470.page1.jpg
1109,0420_DIB_473.page1.jpg
1110,0420_FOT_472.page1-2.jpg
1111,0420_FOT_472.page1-3 (1).jpg
1112,0420_FOT_472.page1-3.jpg
1113,0420_FOT_472.page1.jpg
1114,0420_FOT_472.page2.jpg
1115,0420_FOT_472.page3-2.jpg
1116,0420_FOT_472.page3.jpg
1117,0420_FOT_472.page4-2.jpg
1118,0420_FOT_472.page4.jpg
1119,0420_MAP_474.page1.jpg
1120,0420_MAP_474.page2.jpg
1121,0421_FOT_475.page1.jpg
1122,0422_FOT_476.page1.jpg
1123,0423_DIB_478.page1.jpg
1124,0423_FOT_477.page1-2.jpg
1125,0423_FOT_477.page1.jpg
1126,0423_FOT_477.page2-2.jpg
1127,0423_FOT_477.page2.jpg
1128,0424_DIB_479.page1.jpg
1129,0424_DIB_479.page2.jpg
1130,0424_DIB_479.page3.jpg
1131,0424_MAP_480.page1 (1).jpg
1132,0424_MAP_480.page1.jpg
1133,0424_MAP_480.page2.jpg
1134,0425_DIB_481.page1.jpg
1135,0426_DIB_482.page1.jpg
1136,0426_DIB_482.page2.jpg
1137,0426_DIB_482.page3.jpg
1138,0426_MAP_483.page1.jpg
1139,0426_MAP_483.page2 (1).jpg
1140,0426_MAP_483.page2.jpg
1141,0427_DIB_484.page1.jpg
1142,0427_FOT_485.page1.jpg
1143,0429_DIB_486.page1.jpg
1144,0429_FOT_487.page1.jpg
1145,0430_DIB_488.page1.jpg
1146,0431_MAP_489.page1.jpg
1147,0431_MAP_489.page2.jpg
1148,0433_DIB_491.page1.jpg
1149,0433_DIB_491.page2.jpg
1150,0433_FOT_490.page1.jpg
1151,0434_DIB_497.page1.jpg
1152,0434_MAP_498.page1.jpg
1153,0434_MAP_498.page2 (1).jpg
1154,0434_MAP_498.page2.jpg
1155,0436_DIB_499.page1.jpg
1156,0436_FOT_500.page1-2.jpg
1157,0436_FOT_500.page1.jpg
1158,0437_FOT_501.page1 (1).jpg
1159,0437_FOT_501.page1-2.jpg
1160,0437_FOT_501.page1.jpg
1161,0437_FOT_501.page2.jpg
1162,0437_MAP_503.page1.jpg
1163,0437_MAP_503.page2.jpg
1164,0437_TEX_502.page1.jpg
1165,0437_TEX_504.page1.jpg
1166,0437_TEX_504.page2.jpg
1167,0438_DIB_507.page1.jpg
1168,0438_DIB_508.page1.jpg
1169,0438_FOT_505.page1-2.jpg
1170,0438_FOT_505.page1.jpg
1171,0438_FOT_505.page2-2.jpg
1172,0438_FOT_505.page2.jpg
1173,0438_TEX_506.page1.jpg
1174,0441_DIB_510.page1.jpg
1175,0441_DIB_511.page1.jpg
1176,0441_FOT_509.page1-2.jpg
1177,0441_FOT_509.page1.jpg
1178,0441_FOT_509.page2.jpg
1179,0442_DIB_513.page1.jpg
1180,0442_DIB_514.page1.jpg
1181,0442_FOT_512.page1-2.jpg
1182,0442_FOT_512.page1.jpg
1183,0442_FOT_512.page2.jpg
1184,0443_DIB_516.page1 (1).jpg
1185,0443_DIB_516.page1.jpg
1186,0443_DIB_517.page1.jpg
1187,0443_FOT_515.page1-2.jpg
1188,0443_FOT_515.page1.jpg
1189,0443_FOT_515.page2.jpg
1190,0443_TEX_518.page1.jpg
1191,0444_FOT_519.page1-2.jpg
1192,0444_FOT_519.page1.jpg
1193,0444_FOT_519.page2.jpg
1194,0446_FOT_522.page1.jpg
1195,0446_FOT_522.page2-2.jpg
1196,0446_FOT_522.page2-3 (1).jpg
1197,0446_FOT_522.page2-3.jpg
1198,0446_FOT_522.page2.jpg
1199,0446_FOT_522.page3-2.jpg
1200,0446_FOT_522.page3.jpg
1201,0446_MAP_521.page1.jpg
1202,0446_MAP_521.page2.jpg
1203,0446_TEX_520.page1.jpg
1204,0446_TEX_544.page1.jpg
1205,0446_TEX_544.page2.jpg
1206,0446_TEX_550.page1.jpg
1207,0448_FOT_523.page1-2.jpg
1208,0448_FOT_523.page1.jpg
1209,0448_FOT_523.page2.jpg
1210,0449_FOT_524.page1-2.jpg
1211,0449_FOT_524.page1.jpg
1212,0449_FOT_524.page2.jpg
1213,0450_DIB_527.page1.jpg
1214,0450_FOT_525.page1 (1).jpg
1215,0450_FOT_525.page1-2.jpg
1216,0450_FOT_525.page1.jpg
1217,0450_FOT_525.page2.jpg
1218,0451_DIB_529.page1.jpg
1219,0451_FOT_528.page1-2 (1).jpg
1220,0451_FOT_528.page1-2.jpg
1221,0451_FOT_528.page1.jpg
1222,0451_FOT_528.page2-2.jpg
1223,0451_FOT_528.page2.jpg
1224,0452_DIB_531.page1.jpg
1225,0452_DIB_532.page1.jpg
1226,0452_FOT_530.page1-2.jpg
1227,0452_FOT_530.page1.jpg
1228,0452_FOT_530.page2-2.jpg
1229,0452_FOT_530.page2.jpg
1230,0455_DIB_533.page1.jpg
1231,0455_FOT_534.page1-2.jpg
1232,0455_FOT_534.page1.jpg
1233,0456_FOT_535.page1-2.jpg
1234,0456_FOT_535.page1.jpg
1235,0456_FOT_535.page2-2.jpg
1236,0456_FOT_535.page2.jpg
1237,0457_FOT_536.page1-2.jpg
1238,0457_FOT_536.page1.jpg
1239,0457_FOT_536.page2-2 (1).jpg
1240,0457_FOT_536.page2-2.jpg
1241,0457_FOT_536.page2.jpg
1242,0458_TEX_537.page1.jpg
1243,0459_FOT_562.page1 (1).jpg
1244,0459_FOT_562.page1-2.jpg
1245,0459_FOT_562.page1.jpg
1246,0459_MAP_543.page1.jpg
1247,0459_MAP_543.page2.jpg
1248,0459_TEX_542.page1.jpg
1249,0459_TEX_542.page2.jpg
1250,0459_TEX_545.page1.jpg
1251,0459_TEX_551.page1.jpg
1252,0459_TEX_551.page2.jpg
1253,0460_FOT_564.page1.jpg
1254,0461_FOT_565.page1-2 (1).jpg
1255,0461_FOT_565.page1-2.jpg
1256,0461_FOT_565.page1.jpg
1257,0461_FOT_565.page2-2 (1).jpg
1258,0461_FOT_565.page2-2.jpg
1259,0461_FOT_565.page2.jpg
1260,0461_FOT_565.page3.jpg
1261,0462_FOT_566.page1-2.jpg
1262,0462_FOT_566.page1.jpg
1263,0462_FOT_566.page2-2.jpg
1264,0462_FOT_566.page2.jpg
1265,0463_FOT_567.page1-2 (1).jpg
1266,0463_FOT_567.page1-2.jpg
1267,0463_FOT_567.page1.jpg
1268,0464_FOT_568.page1-2.jpg
1269,0464_FOT_568.page1-3.jpg
1270,0464_FOT_568.page1.jpg
1271,0464_FOT_568.page2-2.jpg
1272,0464_FOT_568.page2.jpg
1273,0464_TEX_546.page1.jpg
1274,0465_FOT_569.page1-2.jpg
1275,0465_FOT_569.page1.jpg
1276,0465_FOT_569.page2-2.jpg
1277,0465_FOT_569.page2-3.jpg
1278,0465_FOT_569.page2.jpg
1279,0466_FOT_570.page1 (1).jpg
1280,0466_FOT_570.page1.jpg
1281,0466_TEX_547.page1.jpg
1282,0467_FOT_571.page1-2.jpg
1283,0467_FOT_571.page1.jpg
1284,0468_FOT_572.page1-2.jpg
1285,0468_FOT_572.page1.jpg
1286,0468_FOT_572.page2.jpg
1287,0469_FOT_573.page1-2.jpg
1288,0469_FOT_573.page1.jpg
1289,0469_FOT_573.page2.jpg
1290,0470_FOT_574.page1.jpg
1291,0470_FOT_574.page2.jpg
1292,0471_DIB_548.page1.jpg
1293,0471_FOT_575.page1-2.jpg
1294,0471_FOT_575.page1.jpg
1295,0471_FOT_575.page2-2.jpg
1296,0471_FOT_575.page2.jpg
1297,0471_TEX_549.page1.jpg
1298,0471_TEX_549.page2.jpg
1299,0472_FOT_576.page1 (1).jpg
1300,0472_FOT_576.page1-2.jpg
1301,0472_FOT_576.page1.jpg
1302,0472_FOT_576.page2-2.jpg
1303,0472_FOT_576.page2.jpg
1304,0472_FOT_576.page3-2.jpg
1305,0472_FOT_576.page3.jpg
1306,0473_DIB_578.page1.jpg
1307,0473_FOT_577.page1-2.jpg
1308,0473_FOT_577.page1.jpg
1309,0474_FOT_579.page1-2.jpg
1310,0474_FOT_579.page1.jpg
1311,0475_DIB_556.page1.jpg
1312,0475_FOT_555.page1-2.jpg
1313,0475_FOT_555.page1.jpg
1314,0476_DIB_557.page1.jpg
1315,0476_FOT_558.page1-2.jpg
1316,0476_FOT_558.page1-3.jpg
1317,0476_FOT_558.page1.jpg
1318,0476_FOT_558.page2-2.jpg
1319,0476_FOT_558.page2.jpg
1320,0477_DIB_560.page1.jpg
1321,0477_FOT_561.page1-2 (1).jpg
1322,0477_FOT_561.page1-2.jpg
1323,0477_FOT_561.page1.jpg
1324,0477_FOT_561.page2-2.jpg
1325,0477_FOT_561.page2.jpg
1326,0477_FOT_561.page3-2 (1).jpg
1327,0477_FOT_561.page3-2.jpg
1328,0477_FOT_561.page3.jpg
1329,0477_TEX_559.page1.jpg
1330,0478_FOT_563.page1-2.jpg
1331,0478_FOT_563.page1.jpg
1332,0478_FOT_563.page2.jpg
1333,0479_DIB_581.page1.jpg
1334,0479_FOT_580.page1-2.jpg
1335,0479_FOT_580.page1.jpg
1336,0479_FOT_580.page2.jpg
1337,0479_TEX_582.page1.jpg
