viejo;nuevo;
0001_DIB_1.page1.jpg;0001_DIB_1_1.jpg;
0001_DIB_1.page2.jpg;0001_DIB_1_2.jpg;
0001_FOT_2.page1.jpg;0001_FOT_2_3.jpg;
0001_TEX_25.page1.jpg;0001_TEX_25_4.jpg;
0002_DIB_3.page1.jpg;0002_DIB_3_0.jpg;
0008_DIB_4.page1.jpg;0008_DIB_4_0.jpg;
0009_DIB_5.page1.jpg;0009_DIB_5_0.jpg;
0011_DIB_6.page1.jpg;0011_DIB_6_0.jpg;
0011_DIB_6.page2.jpg;0011_DIB_6_1.jpg;
0014_DIB_7.page1.jpg;0014_DIB_7_0.jpg;
0017_DIB_8.page1.jpg;0017_DIB_8_0.jpg;
0019_DIB_9.page1.jpg;0019_DIB_9_0.jpg;
0019_DIB_9.page2.jpg;0019_DIB_9_1.jpg;
0019_FOT_10.page1-2.jpg;0019_FOT_10_2.jpg;
0019_FOT_10.page1.jpg;0019_FOT_10_3.jpg;
0019_FOT_10.page2.jpg;0019_FOT_10_4.jpg;
0020_FOT_12.page1-2.jpg;0020_FOT_12_0.jpg;
0020_FOT_12.page1.jpg;0020_FOT_12_1.jpg;
0020_MAP_11.page1.jpg;0020_MAP_11_2.jpg;
0021_DIB_13.page1.jpg;0021_DIB_13_0.jpg;
0021_FOT_14.page1-2 (1).jpg;0021_FOT_14_1.jpg;
0021_FOT_14.page1-2.jpg;0021_FOT_14_2.jpg;
0021_FOT_14.page1-3.jpg;0021_FOT_14_3.jpg;
0021_FOT_14.page1.jpg;0021_FOT_14_4.jpg;
0021_FOT_14.page2-2.jpg;0021_FOT_14_5.jpg;
0021_FOT_14.page2.jpg;0021_FOT_14_6.jpg;
0022_DIB_15.page1.jpg;0022_DIB_15_0.jpg;
0022_DIB_15.page2.jpg;0022_DIB_15_1.jpg;
0022_FOT_16.page1-2.jpg;0022_FOT_16_2.jpg;
0022_FOT_16.page1-3.jpg;0022_FOT_16_3.jpg;
0022_FOT_16.page1.jpg;0022_FOT_16_4.jpg;
0023_DIB_17.page1 (1).jpg;0023_DIB_17_0.jpg;
0023_DIB_17.page1.jpg;0023_DIB_17_1.jpg;
0024_FOT_18.page1-2.jpg;0024_FOT_18_0.jpg;
0024_FOT_18.page1-3.jpg;0024_FOT_18_1.jpg;
0024_FOT_18.page1.jpg;0024_FOT_18_2.jpg;
0024_FOT_18.page2-2.jpg;0024_FOT_18_3.jpg;
0024_FOT_18.page2-3.jpg;0024_FOT_18_4.jpg;
0024_FOT_18.page2.jpg;0024_FOT_18_5.jpg;
0024_FOT_18.page3-2.jpg;0024_FOT_18_6.jpg;
0024_FOT_18.page3-3.jpg;0024_FOT_18_7.jpg;
0024_FOT_18.page3.jpg;0024_FOT_18_8.jpg;
0024_FOT_18.page4-2.jpg;0024_FOT_18_9.jpg;
0024_FOT_18.page4.jpg;0024_FOT_18_10.jpg;
0024_FOT_18.page5-2.jpg;0024_FOT_18_11.jpg;
0024_FOT_18.page5-3.jpg;0024_FOT_18_12.jpg;
0024_FOT_18.page5.jpg;0024_FOT_18_13.jpg;
0024_FOT_18.page6-2.jpg;0024_FOT_18_14.jpg;
0024_FOT_18.page6-3.jpg;0024_FOT_18_15.jpg;
0024_FOT_18.page6.jpg;0024_FOT_18_16.jpg;
0025_DIB_19.page1.jpg;0025_DIB_19_0.jpg;
0025_DIB_19.page2.jpg;0025_DIB_19_1.jpg;
0025_FOT_20.page1-2.jpg;0025_FOT_20_2.jpg;
0025_FOT_20.page1.jpg;0025_FOT_20_3.jpg;
0025_TEX_21.page1.jpg;0025_TEX_21_4.jpg;
0026_DIB_22.page1.jpg;0026_DIB_22_0.jpg;
0026_FOT_23.page1-2.jpg;0026_FOT_23_1.jpg;
0026_FOT_23.page1.jpg;0026_FOT_23_2.jpg;
0026_FOT_23.page2.jpg;0026_FOT_23_3.jpg;
0028_TEX_24.page1.jpg;0028_TEX_24_0.jpg;
0028_TEX_24.page2.jpg;0028_TEX_24_1.jpg;
0028_TEX_24.page3.jpg;0028_TEX_24_2.jpg;
0028_TEX_24.page4.jpg;0028_TEX_24_3.jpg;
0028_TEX_24.page5 (1).jpg;0028_TEX_24_4.jpg;
0028_TEX_24.page5.jpg;0028_TEX_24_5.jpg;
0030_FOT_26.page1-2.jpg;0030_FOT_26_0.jpg;
0030_FOT_26.page1-3 (1).jpg;0030_FOT_26_1.jpg;
0030_FOT_26.page1-3.jpg;0030_FOT_26_2.jpg;
0030_FOT_26.page1.jpg;0030_FOT_26_3.jpg;
0030_FOT_26.page2.jpg;0030_FOT_26_4.jpg;
0030_MAP_70.page1.jpg;0030_MAP_70_5.jpg;
0030_MAP_70.page2 (1).jpg;0030_MAP_70_6.jpg;
0030_MAP_70.page2.jpg;0030_MAP_70_7.jpg;
0030_MAP_70.page3.jpg;0030_MAP_70_8.jpg;
0030_TEX_45.page1 (1).jpg;0030_TEX_45_9.jpg;
0030_TEX_45.page1.jpg;0030_TEX_45_10.jpg;
0030_TEX_45.page2.jpg;0030_TEX_45_11.jpg;
0030_TEX_46.page1.jpg;0030_TEX_46_12.jpg;
0030_TEX_46.page2.jpg;0030_TEX_46_13.jpg;
0030_TEX_46.page3.jpg;0030_TEX_46_14.jpg;
0030_TEX_46.page4.jpg;0030_TEX_46_15.jpg;
0030_TEX_47.page1.jpg;0030_TEX_47_16.jpg;
0030_TEX_47.page2.jpg;0030_TEX_47_17.jpg;
0031_DIB_27.page1.jpg;0031_DIB_27_0.jpg;
0031_FOT_28.page1-2.jpg;0031_FOT_28_1.jpg;
0031_FOT_28.page1-3.jpg;0031_FOT_28_2.jpg;
0031_FOT_28.page1.jpg;0031_FOT_28_3.jpg;
0031_FOT_28.page2.jpg;0031_FOT_28_4.jpg;
0032_FOT_29.page1-2.jpg;0032_FOT_29_0.jpg;
0032_FOT_29.page1.jpg;0032_FOT_29_1.jpg;
0032_FOT_29.page2.jpg;0032_FOT_29_2.jpg;
0033_DIB_30.page1.jpg;0033_DIB_30_0.jpg;
0033_DIB_30.page2.jpg;0033_DIB_30_1.jpg;
0033_DIB_554.page1.jpg;0033_DIB_554_2.jpg;
0033_MAP_43.page1.jpg;0033_MAP_43_3.jpg;
0033_MAP_43.page2.jpg;0033_MAP_43_4.jpg;
0033_TEX_44.page1.jpg;0033_TEX_44_5.jpg;
0034_DIB_32.page1.jpg;0034_DIB_32_0.jpg;
0034_FOT_31.page1-2.jpg;0034_FOT_31_1.jpg;
0034_FOT_31.page1.jpg;0034_FOT_31_2.jpg;
0034_FOT_34.page1.jpg;0034_FOT_34_3.jpg;
0034_FOT_34.page2.jpg;0034_FOT_34_4.jpg;
0034_TEX_33.page1.jpg;0034_TEX_33_5.jpg;
0034_TEX_48.page1.jpg;0034_TEX_48_6.jpg;
0034_TEX_48.page2.jpg;0034_TEX_48_7.jpg;
0035_DIB_35.page1 (1).jpg;0035_DIB_35_0.jpg;
0035_DIB_35.page1.jpg;0035_DIB_35_1.jpg;
0035_DIB_35.page2.jpg;0035_DIB_35_2.jpg;
0035_FOT_36.page1-2.jpg;0035_FOT_36_3.jpg;
0035_FOT_36.page1.jpg;0035_FOT_36_4.jpg;
0035_FOT_36.page2-2.jpg;0035_FOT_36_5.jpg;
0035_FOT_36.page2.jpg;0035_FOT_36_6.jpg;
0035_FOT_36.page3-2.jpg;0035_FOT_36_7.jpg;
0035_FOT_36.page3.jpg;0035_FOT_36_8.jpg;
0035_TEX_54.page1.jpg;0035_TEX_54_9.jpg;
0036_FOT_37.page1.jpg;0036_FOT_37_0.jpg;
0036_TEX_53.page1.jpg;0036_TEX_53_1.jpg;
0037_TEX_67.page1 (1).jpg;0037_TEX_67_0.jpg;
0037_TEX_67.page1.jpg;0037_TEX_67_1.jpg;
0041_DIB_38.page1.jpg;0041_DIB_38_0.jpg;
0041_FOT_39.page1-2.jpg;0041_FOT_39_1.jpg;
0041_FOT_39.page1.jpg;0041_FOT_39_2.jpg;
0041_FOT_39.page2-2.jpg;0041_FOT_39_3.jpg;
0041_FOT_39.page2-3.jpg;0041_FOT_39_4.jpg;
0041_FOT_39.page2.jpg;0041_FOT_39_5.jpg;
0041_FOT_39.page3-2.jpg;0041_FOT_39_6.jpg;
0041_FOT_39.page3.jpg;0041_FOT_39_7.jpg;
0042_FOT_68.page1-2.jpg;0042_FOT_68_0.jpg;
0042_FOT_68.page1.jpg;0042_FOT_68_1.jpg;
0042_FOT_68.page2-2.jpg;0042_FOT_68_2.jpg;
0042_FOT_68.page2.jpg;0042_FOT_68_3.jpg;
0042_FOT_68.page3-2.jpg;0042_FOT_68_4.jpg;
0042_FOT_68.page3-3.jpg;0042_FOT_68_5.jpg;
0042_FOT_68.page3.jpg;0042_FOT_68_6.jpg;
0042_FOT_68.page4.jpg;0042_FOT_68_7.jpg;
0043_FOT_69.page1-2.jpg;0043_FOT_69_0.jpg;
0043_FOT_69.page1.jpg;0043_FOT_69_1.jpg;
0043_FOT_69.page2-2 (1).jpg;0043_FOT_69_2.jpg;
0043_FOT_69.page2-2.jpg;0043_FOT_69_3.jpg;
0043_FOT_69.page2.jpg;0043_FOT_69_4.jpg;
0044_FOT_40.page1-2.jpg;0044_FOT_40_0.jpg;
0044_FOT_40.page1-3.jpg;0044_FOT_40_1.jpg;
0044_FOT_40.page1.jpg;0044_FOT_40_2.jpg;
0044_FOT_40.page2-2.jpg;0044_FOT_40_3.jpg;
0044_FOT_40.page2-3.jpg;0044_FOT_40_4.jpg;
0044_FOT_40.page2.jpg;0044_FOT_40_5.jpg;
0045_FOT_41.page1-2.jpg;0045_FOT_41_0.jpg;
0045_FOT_41.page1-3.jpg;0045_FOT_41_1.jpg;
0045_FOT_41.page1.jpg;0045_FOT_41_2.jpg;
0045_FOT_41.page2.jpg;0045_FOT_41_3.jpg;
0046_FOT_42.page1.jpg;0046_FOT_42_0.jpg;
0048_FOT_74.page1-2.jpg;0048_FOT_74_0.jpg;
0048_FOT_74.page1-3.jpg;0048_FOT_74_1.jpg;
0048_FOT_74.page1.jpg;0048_FOT_74_2.jpg;
0048_FOT_74.page2-2.jpg;0048_FOT_74_3.jpg;
0048_FOT_74.page2-3.jpg;0048_FOT_74_4.jpg;
0048_FOT_74.page2.jpg;0048_FOT_74_5.jpg;
0049_FOT_73.page1-2.jpg;0049_FOT_73_0.jpg;
0049_FOT_73.page1.jpg;0049_FOT_73_1.jpg;
0050_DIB_71.page1.jpg;0050_DIB_71_0.jpg;
0050_FOT_72.page1.jpg;0050_FOT_72_1.jpg;
0050_TEX_49.page1 (1).jpg;0050_TEX_49_2.jpg;
0050_TEX_49.page1.jpg;0050_TEX_49_3.jpg;
0050_TEX_49.page2.jpg;0050_TEX_49_4.jpg;
0050_TEX_50.page1.jpg;0050_TEX_50_5.jpg;
0050_TEX_50.page2.jpg;0050_TEX_50_6.jpg;
0050_TEX_51.page1.jpg;0050_TEX_51_7.jpg;
0050_TEX_51.page2.jpg;0050_TEX_51_8.jpg;
0050_TEX_52.page1.jpg;0050_TEX_52_9.jpg;
0050_TEX_52.page2.jpg;0050_TEX_52_10.jpg;
0050_TEX_52.page3.jpg;0050_TEX_52_11.jpg;
0052_DIB_55.page1.jpg;0052_DIB_55_0.jpg;
0052_FOT_56.page1 (1).jpg;0052_FOT_56_1.jpg;
0052_FOT_56.page1-2.jpg;0052_FOT_56_2.jpg;
0052_FOT_56.page1.jpg;0052_FOT_56_3.jpg;
0053_DIB_57.page1.jpg;0053_DIB_57_0.jpg;
0056_FOT_58.page1 (1).jpg;0056_FOT_58_0.jpg;
0056_FOT_58.page1-2.jpg;0056_FOT_58_1.jpg;
0056_FOT_58.page1.jpg;0056_FOT_58_2.jpg;
0056_FOT_58.page2.jpg;0056_FOT_58_3.jpg;
0059_FOT_60.page1.jpg;0059_FOT_60_0.jpg;
0060_FOT_61.page1-2.jpg;0060_FOT_61_0.jpg;
0060_FOT_61.page1.jpg;0060_FOT_61_1.jpg;
0060_FOT_61.page2-2.jpg;0060_FOT_61_2.jpg;
0060_FOT_61.page2.jpg;0060_FOT_61_3.jpg;
0061_FOT_62.page1-2.jpg;0061_FOT_62_0.jpg;
0061_FOT_62.page1.jpg;0061_FOT_62_1.jpg;
0061_FOT_62.page2.jpg;0061_FOT_62_2.jpg;
0062_DIB_63.page1.jpg;0062_DIB_63_0.jpg;
0062_DIB_63.page2.jpg;0062_DIB_63_1.jpg;
0062_FOT_64.page1-2.jpg;0062_FOT_64_2.jpg;
0062_FOT_64.page1.jpg;0062_FOT_64_3.jpg;
0062_FOT_64.page2-2.jpg;0062_FOT_64_4.jpg;
0062_FOT_64.page2.jpg;0062_FOT_64_5.jpg;
0062_FOT_64.page3.jpg;0062_FOT_64_6.jpg;
0063_FOT_59.page1.jpg;0063_FOT_59_0.jpg;
0064_DIB_65.page1.jpg;0064_DIB_65_0.jpg;
0064_DIB_65.page2.jpg;0064_DIB_65_1.jpg;
0065_FOT_66.page1 (1).jpg;0065_FOT_66_0.jpg;
0065_FOT_66.page1-2.jpg;0065_FOT_66_1.jpg;
0065_FOT_66.page1-3.jpg;0065_FOT_66_2.jpg;
0065_FOT_66.page1.jpg;0065_FOT_66_3.jpg;
0065_FOT_66.page2-2.jpg;0065_FOT_66_4.jpg;
0065_FOT_66.page2.jpg;0065_FOT_66_5.jpg;
0066_FOT_77.page1-2.jpg;0066_FOT_77_0.jpg;
0066_FOT_77.page1.jpg;0066_FOT_77_1.jpg;
0066_MAP_541.page1.jpg;0066_MAP_541_2.jpg;
0066_MAP_541.page2.jpg;0066_MAP_541_3.jpg;
0066_MAP_541.page3.jpg;0066_MAP_541_4.jpg;
0066_MAP_541.page4.jpg;0066_MAP_541_5.jpg;
0066_TEX_538.page1.jpg;0066_TEX_538_6.jpg;
0066_TEX_538.page2.jpg;0066_TEX_538_7.jpg;
0066_TEX_539.page1.jpg;0066_TEX_539_8.jpg;
0066_TEX_539.page2 (1).jpg;0066_TEX_539_9.jpg;
0066_TEX_539.page2.jpg;0066_TEX_539_10.jpg;
0066_TEX_540.page1.jpg;0066_TEX_540_11.jpg;
0066_TEX_75.page1.jpg;0066_TEX_75_12.jpg;
0066_TEX_75.page2.jpg;0066_TEX_75_13.jpg;
0066_TEX_75.page3.jpg;0066_TEX_75_14.jpg;
0066_TEX_75.page4.jpg;0066_TEX_75_15.jpg;
0066_TEX_75.page5.jpg;0066_TEX_75_16.jpg;
0066_TEX_75.page6.jpg;0066_TEX_75_17.jpg;
0066_TEX_75.page7.jpg;0066_TEX_75_18.jpg;
0066_TEX_75.page8.jpg;0066_TEX_75_19.jpg;
0066_TEX_75.page9.jpg;0066_TEX_75_20.jpg;
0066_TEX_76.page1.jpg;0066_TEX_76_21.jpg;
0066_TEX_76.page2 (1).jpg;0066_TEX_76_22.jpg;
0066_TEX_76.page2.jpg;0066_TEX_76_23.jpg;
0068_DIB_79.page1.jpg;0068_DIB_79_0.jpg;
0068_DIB_79.page2.jpg;0068_DIB_79_1.jpg;
0068_FOT_78.page1-2.jpg;0068_FOT_78_2.jpg;
0068_FOT_78.page1-3.jpg;0068_FOT_78_3.jpg;
0068_FOT_78.page1.jpg;0068_FOT_78_4.jpg;
0068_FOT_78.page2-2.jpg;0068_FOT_78_5.jpg;
0068_FOT_78.page2-3 (1).jpg;0068_FOT_78_6.jpg;
0068_FOT_78.page2-3.jpg;0068_FOT_78_7.jpg;
0068_FOT_78.page2.jpg;0068_FOT_78_8.jpg;
0068_FOT_78.page3-2.jpg;0068_FOT_78_9.jpg;
0068_FOT_78.page3-3.jpg;0068_FOT_78_10.jpg;
0068_FOT_78.page3.jpg;0068_FOT_78_11.jpg;
0068_FOT_78.page4-2.jpg;0068_FOT_78_12.jpg;
0068_FOT_78.page4-3.jpg;0068_FOT_78_13.jpg;
0068_FOT_78.page4.jpg;0068_FOT_78_14.jpg;
0068_FOT_78.page5-2.jpg;0068_FOT_78_15.jpg;
0068_FOT_78.page5-3.jpg;0068_FOT_78_16.jpg;
0068_FOT_78.page5.jpg;0068_FOT_78_17.jpg;
0068_FOT_78.page6-2.jpg;0068_FOT_78_18.jpg;
0068_FOT_78.page6.jpg;0068_FOT_78_19.jpg;
0068_FOT_78.page7-2.jpg;0068_FOT_78_20.jpg;
0068_FOT_78.page7-3.jpg;0068_FOT_78_21.jpg;
0068_FOT_78.page7.jpg;0068_FOT_78_22.jpg;
0068_FOT_78.page8.jpg;0068_FOT_78_23.jpg;
0068_FOT_80.page1-2.jpg;0068_FOT_80_24.jpg;
0068_FOT_80.page1.jpg;0068_FOT_80_25.jpg;
0068_FOT_80.page2-2.jpg;0068_FOT_80_26.jpg;
0068_FOT_80.page2.jpg;0068_FOT_80_27.jpg;
0068_FOT_80.page3.jpg;0068_FOT_80_28.jpg;
0068_TEX_552.page1 (1).jpg;0068_TEX_552_29.jpg;
0068_TEX_552.page1.jpg;0068_TEX_552_30.jpg;
0069_FOT_81.page1-2.jpg;0069_FOT_81_0.jpg;
0069_FOT_81.page1.jpg;0069_FOT_81_1.jpg;
0069_FOT_81.page2 (1).jpg;0069_FOT_81_2.jpg;
0069_FOT_81.page2.jpg;0069_FOT_81_3.jpg;
0070_DIB_85.page1.jpg;0070_DIB_85_0.jpg;
0070_FOT_86.page1-2.jpg;0070_FOT_86_1.jpg;
0070_FOT_86.page1-3.jpg;0070_FOT_86_2.jpg;
0070_FOT_86.page1.jpg;0070_FOT_86_3.jpg;
0070_FOT_86.page2.jpg;0070_FOT_86_4.jpg;
0070_FOT_86.page3 (1).jpg;0070_FOT_86_5.jpg;
0070_FOT_86.page3.jpg;0070_FOT_86_6.jpg;
0070_FOT_86.page4.jpg;0070_FOT_86_7.jpg;
0070_MAP_83.page1.jpg;0070_MAP_83_8.jpg;
0070_MAP_83.page2 (1).jpg;0070_MAP_83_9.jpg;
0070_MAP_83.page2.jpg;0070_MAP_83_10.jpg;
0070_TEX_82.page1.jpg;0070_TEX_82_11.jpg;
0070_TEX_82.page2.jpg;0070_TEX_82_12.jpg;
0070_TEX_84.page1.jpg;0070_TEX_84_13.jpg;
0070_TEX_84.page2.jpg;0070_TEX_84_14.jpg;
0070_TEX_84.page3.jpg;0070_TEX_84_15.jpg;
0071_FOT_87.page1-2.jpg;0071_FOT_87_0.jpg;
0071_FOT_87.page1.jpg;0071_FOT_87_1.jpg;
0071_FOT_87.page2-2.jpg;0071_FOT_87_2.jpg;
0071_FOT_87.page2.jpg;0071_FOT_87_3.jpg;
0072_FOT_88.page1-2.jpg;0072_FOT_88_0.jpg;
0072_FOT_88.page1.jpg;0072_FOT_88_1.jpg;
0072_FOT_88.page2-2.jpg;0072_FOT_88_2.jpg;
0072_FOT_88.page2.jpg;0072_FOT_88_3.jpg;
0073_DIB_90.page1.jpg;0073_DIB_90_0.jpg;
0073_DIB_90.page2.jpg;0073_DIB_90_1.jpg;
0073_FOT_89.page1-2.jpg;0073_FOT_89_2.jpg;
0073_FOT_89.page1.jpg;0073_FOT_89_3.jpg;
0073_FOT_89.page2-2.jpg;0073_FOT_89_4.jpg;
0073_FOT_89.page2.jpg;0073_FOT_89_5.jpg;
0073_FOT_89.page3.jpg;0073_FOT_89_6.jpg;
0074_DIB_91.page1.jpg;0074_DIB_91_0.jpg;
0074_FOT_92.page1-2.jpg;0074_FOT_92_1.jpg;
0074_FOT_92.page1-3.jpg;0074_FOT_92_2.jpg;
0074_FOT_92.page1.jpg;0074_FOT_92_3.jpg;
0074_FOT_92.page2-2.jpg;0074_FOT_92_4.jpg;
0074_FOT_92.page2-3 (1).jpg;0074_FOT_92_5.jpg;
0074_FOT_92.page2-3.jpg;0074_FOT_92_6.jpg;
0074_FOT_92.page2.jpg;0074_FOT_92_7.jpg;
0075_DIB_97.page1 (1).jpg;0075_DIB_97_0.jpg;
0075_DIB_97.page1.jpg;0075_DIB_97_1.jpg;
0075_FOT_93.page1-2.jpg;0075_FOT_93_2.jpg;
0075_FOT_93.page1.jpg;0075_FOT_93_3.jpg;
0075_FOT_93.page2-2.jpg;0075_FOT_93_4.jpg;
0075_FOT_93.page2.jpg;0075_FOT_93_5.jpg;
0076_FOT_94.page1-2.jpg;0076_FOT_94_0.jpg;
0076_FOT_94.page1.jpg;0076_FOT_94_1.jpg;
0076_FOT_94.page2-2.jpg;0076_FOT_94_2.jpg;
0076_FOT_94.page2-3 (1).jpg;0076_FOT_94_3.jpg;
0076_FOT_94.page2-3.jpg;0076_FOT_94_4.jpg;
0076_FOT_94.page2.jpg;0076_FOT_94_5.jpg;
0077_FOT_95.page1-2 (1).jpg;0077_FOT_95_0.jpg;
0077_FOT_95.page1-2.jpg;0077_FOT_95_1.jpg;
0077_FOT_95.page1-3.jpg;0077_FOT_95_2.jpg;
0077_FOT_95.page1.jpg;0077_FOT_95_3.jpg;
0078_FOT_96.page1 (1).jpg;0078_FOT_96_0.jpg;
0078_FOT_96.page1-2.jpg;0078_FOT_96_1.jpg;
0078_FOT_96.page1.jpg;0078_FOT_96_2.jpg;
0079_FOT_98.page1 (1).jpg;0079_FOT_98_0.jpg;
0079_FOT_98.page1-2.jpg;0079_FOT_98_1.jpg;
0079_FOT_98.page1.jpg;0079_FOT_98_2.jpg;
0079_FOT_98.page2.jpg;0079_FOT_98_3.jpg;
0080_FOT_100.page1.jpg;0080_FOT_100_0.jpg;
0080_FOT_100.page2-2.jpg;0080_FOT_100_1.jpg;
0080_FOT_100.page2.jpg;0080_FOT_100_2.jpg;
0080_TEX_99.page1.jpg;0080_TEX_99_3.jpg;
0080_TEX_99.page2.jpg;0080_TEX_99_4.jpg;
0081_DIB_101.page1.jpg;0081_DIB_101_0.jpg;
0081_FOT_102.page1-2.jpg;0081_FOT_102_1.jpg;
0081_FOT_102.page1.jpg;0081_FOT_102_2.jpg;
0081_FOT_102.page2.jpg;0081_FOT_102_3.jpg;
0082_DIB_103.page1.jpg;0082_DIB_103_0.jpg;
0082_FOT_104.page1 (1).jpg;0082_FOT_104_1.jpg;
0082_FOT_104.page1-2.jpg;0082_FOT_104_2.jpg;
0082_FOT_104.page1.jpg;0082_FOT_104_3.jpg;
0083_FOT_105.page1.jpg;0083_FOT_105_0.jpg;
0084_FOT_106.page1.jpg;0084_FOT_106_0.jpg;
0085_DIB_107.page1.jpg;0085_DIB_107_0.jpg;
0085_FOT_108.page1.jpg;0085_FOT_108_1.jpg;
0086_FOT_109.page1.jpg;0086_FOT_109_0.jpg;
0087_DIB_110.page1.jpg;0087_DIB_110_0.jpg;
0087_DIB_110.page2.jpg;0087_DIB_110_1.jpg;
0087_DIB_111.page1.jpg;0087_DIB_111_2.jpg;
0087_DIB_111.page2.jpg;0087_DIB_111_3.jpg;
0087_FOT_112.page1-2.jpg;0087_FOT_112_4.jpg;
0087_FOT_112.page1.jpg;0087_FOT_112_5.jpg;
0088_DIB_553.page1.jpg;0088_DIB_553_0.jpg;
0090_DIB_113.page1.jpg;0090_DIB_113_0.jpg;
0090_DIB_113.page2.jpg;0090_DIB_113_1.jpg;
0091_DIB_114.page1.jpg;0091_DIB_114_0.jpg;
0092_DIB_115.page1.jpg;0092_DIB_115_0.jpg;
0093_DIB_116.page1.jpg;0093_DIB_116_0.jpg;
0094_DIB_117.page1.jpg;0094_DIB_117_0.jpg;
0096_FOT_119.page1 (1).jpg;0096_FOT_119_0.jpg;
0096_FOT_119.page1.jpg;0096_FOT_119_1.jpg;
0097_DIB_120.page1.jpg;0097_DIB_120_0.jpg;
0098_DIB_121.page1.jpg;0098_DIB_121_0.jpg;
0098_DIB_121.page2.jpg;0098_DIB_121_1.jpg;
0099_DIB_122.page1.jpg;0099_DIB_122_0.jpg;
0100_DIB_123.page1.jpg;0100_DIB_123_0.jpg;
0101_DIB_124.page1.jpg;0101_DIB_124_0.jpg;
0102_DIB_125.page1.jpg;0102_DIB_125_0.jpg;
0102_DIB_125.page2.jpg;0102_DIB_125_1.jpg;
0104_DIB_126.page1.jpg;0104_DIB_126_0.jpg;
0105_DIB_127.page1 (1).jpg;0105_DIB_127_0.jpg;
0105_DIB_127.page1.jpg;0105_DIB_127_1.jpg;
0106_DIB_128.page1.jpg;0106_DIB_128_0.jpg;
0106_DIB_128.page2.jpg;0106_DIB_128_1.jpg;
0107_FOT_129.page1.jpg;0107_FOT_129_0.jpg;
0109_DIB_130.page1.jpg;0109_DIB_130_0.jpg;
0109_FOT_131.page1-2.jpg;0109_FOT_131_1.jpg;
0109_FOT_131.page1-3 (1).jpg;0109_FOT_131_2.jpg;
0109_FOT_131.page1-3.jpg;0109_FOT_131_3.jpg;
0109_FOT_131.page1.jpg;0109_FOT_131_4.jpg;
0109_FOT_131.page2-2.jpg;0109_FOT_131_5.jpg;
0109_FOT_131.page2.jpg;0109_FOT_131_6.jpg;
0110_DIB_132.page1.jpg;0110_DIB_132_0.jpg;
0111_FOT_133.page1.jpg;0111_FOT_133_0.jpg;
0113_DIB_134.page1.jpg;0113_DIB_134_0.jpg;
0114_DIB_135.page1 (1).jpg;0114_DIB_135_0.jpg;
0114_DIB_135.page1.jpg;0114_DIB_135_1.jpg;
0114_FOT_136.page1-2 (1).jpg;0114_FOT_136_2.jpg;
0114_FOT_136.page1-2.jpg;0114_FOT_136_3.jpg;
0114_FOT_136.page1-3.jpg;0114_FOT_136_4.jpg;
0114_FOT_136.page1.jpg;0114_FOT_136_5.jpg;
0114_FOT_136.page2-2.jpg;0114_FOT_136_6.jpg;
0114_FOT_136.page2.jpg;0114_FOT_136_7.jpg;
0115_FOT_137.page1-2.jpg;0115_FOT_137_0.jpg;
0115_FOT_137.page1.jpg;0115_FOT_137_1.jpg;
0115_FOT_137.page2-2 (1).jpg;0115_FOT_137_2.jpg;
0115_FOT_137.page2-2.jpg;0115_FOT_137_3.jpg;
0115_FOT_137.page2-3 (1).jpg;0115_FOT_137_4.jpg;
0115_FOT_137.page2-3.jpg;0115_FOT_137_5.jpg;
0115_FOT_137.page2.jpg;0115_FOT_137_6.jpg;
0116_DIB_138.page1.jpg;0116_DIB_138_0.jpg;
0117_DIB_139.page1.jpg;0117_DIB_139_0.jpg;
0118_DIB_140.page1.jpg;0118_DIB_140_0.jpg;
0118_FOT_141.page1.jpg;0118_FOT_141_1.jpg;
0121_DIB_142.page1.jpg;0121_DIB_142_0.jpg;
0121_DIB_147.page1.jpg;0121_DIB_147_1.jpg;
0121_DIB_147.page2 (1).jpg;0121_DIB_147_2.jpg;
0121_DIB_147.page2.jpg;0121_DIB_147_3.jpg;
0121_FOT_146.page1-2.jpg;0121_FOT_146_4.jpg;
0121_FOT_146.page1.jpg;0121_FOT_146_5.jpg;
0121_FOT_146.page2-2.jpg;0121_FOT_146_6.jpg;
0121_FOT_146.page2-3.jpg;0121_FOT_146_7.jpg;
0121_FOT_146.page2.jpg;0121_FOT_146_8.jpg;
0121_TEX_143.page1.jpg;0121_TEX_143_9.jpg;
0121_TEX_143.page2.jpg;0121_TEX_143_10.jpg;
0121_TEX_144.page1.jpg;0121_TEX_144_11.jpg;
0121_TEX_145.page1.jpg;0121_TEX_145_12.jpg;
0121_TEX_145.page2.jpg;0121_TEX_145_13.jpg;
0121_TEX_145.page3.jpg;0121_TEX_145_14.jpg;
0121_TEX_145.page4.jpg;0121_TEX_145_15.jpg;
0121_TEX_145.page5.jpg;0121_TEX_145_16.jpg;
0122_DIB_148.page1.jpg;0122_DIB_148_0.jpg;
0122_FOT_149.page1-2.jpg;0122_FOT_149_1.jpg;
0122_FOT_149.page1.jpg;0122_FOT_149_2.jpg;
0123_DIB_151.page1.jpg;0123_DIB_151_0.jpg;
0123_DIB_151.page2-2.jpg;0123_DIB_151_1.jpg;
0123_DIB_151.page2.jpg;0123_DIB_151_2.jpg;
0123_DIB_151.page3-2.jpg;0123_DIB_151_3.jpg;
0123_DIB_151.page3.jpg;0123_DIB_151_4.jpg;
0123_DIB_151.page4-2.jpg;0123_DIB_151_5.jpg;
0123_DIB_151.page4.jpg;0123_DIB_151_6.jpg;
0123_DIB_151.page5-2.jpg;0123_DIB_151_7.jpg;
0123_DIB_151.page5-3.jpg;0123_DIB_151_8.jpg;
0123_DIB_151.page5.jpg;0123_DIB_151_9.jpg;
0123_DIB_151.page6-2.jpg;0123_DIB_151_10.jpg;
0123_DIB_151.page6-3.jpg;0123_DIB_151_11.jpg;
0123_DIB_151.page6.jpg;0123_DIB_151_12.jpg;
0123_DIB_151.page7.jpg;0123_DIB_151_13.jpg;
0123_FOT_150.page1-2 (1).jpg;0123_FOT_150_14.jpg;
0123_FOT_150.page1-2.jpg;0123_FOT_150_15.jpg;
0123_FOT_150.page1.jpg;0123_FOT_150_16.jpg;
0123_FOT_150.page2-2.jpg;0123_FOT_150_17.jpg;
0123_FOT_150.page2.jpg;0123_FOT_150_18.jpg;
0124_FOT_152.page1-2.jpg;0124_FOT_152_0.jpg;
0124_FOT_152.page1.jpg;0124_FOT_152_1.jpg;
0124_FOT_152.page2-2 (1).jpg;0124_FOT_152_2.jpg;
0124_FOT_152.page2-2.jpg;0124_FOT_152_3.jpg;
0124_FOT_152.page2.jpg;0124_FOT_152_4.jpg;
0124_FOT_152.page3-2.jpg;0124_FOT_152_5.jpg;
0124_FOT_152.page3.jpg;0124_FOT_152_6.jpg;
0124_FOT_152.page4-2 (1).jpg;0124_FOT_152_7.jpg;
0124_FOT_152.page4-2.jpg;0124_FOT_152_8.jpg;
0124_FOT_152.page4-3.jpg;0124_FOT_152_9.jpg;
0124_FOT_152.page4.jpg;0124_FOT_152_10.jpg;
0124_FOT_152.page5-2.jpg;0124_FOT_152_11.jpg;
0124_FOT_152.page5-3.jpg;0124_FOT_152_12.jpg;
0124_FOT_152.page5.jpg;0124_FOT_152_13.jpg;
0124_FOT_152.page6.jpg;0124_FOT_152_14.jpg;
0125_FOT_153.page1-2.jpg;0125_FOT_153_0.jpg;
0125_FOT_153.page1.jpg;0125_FOT_153_1.jpg;
0125_FOT_153.page2-2.jpg;0125_FOT_153_2.jpg;
0125_FOT_153.page2.jpg;0125_FOT_153_3.jpg;
0126_FOT_154.page1.jpg;0126_FOT_154_0.jpg;
0127_DIB_158.page1.jpg;0127_DIB_158_0.jpg;
0127_FOT_157.page1-2.jpg;0127_FOT_157_1.jpg;
0127_FOT_157.page1.jpg;0127_FOT_157_2.jpg;
0127_TEX_155.page1.jpg;0127_TEX_155_3.jpg;
0127_TEX_155.page2.jpg;0127_TEX_155_4.jpg;
0127_TEX_155.page3.jpg;0127_TEX_155_5.jpg;
0127_TEX_156.page1.jpg;0127_TEX_156_6.jpg;
0127_TEX_156.page2.jpg;0127_TEX_156_7.jpg;
0127_TEX_156.page3.jpg;0127_TEX_156_8.jpg;
0127_TEX_156.page4.jpg;0127_TEX_156_9.jpg;
0127_TEX_156.page5.jpg;0127_TEX_156_10.jpg;
0127_TEX_156.page6.jpg;0127_TEX_156_11.jpg;
0127_TEX_156.page7.jpg;0127_TEX_156_12.jpg;
0129_FOT_159.page1 (1).jpg;0129_FOT_159_0.jpg;
0129_FOT_159.page1-2.jpg;0129_FOT_159_1.jpg;
0129_FOT_159.page1.jpg;0129_FOT_159_2.jpg;
0129_FOT_159.page2-2.jpg;0129_FOT_159_3.jpg;
0129_FOT_159.page2-3.jpg;0129_FOT_159_4.jpg;
0129_FOT_159.page2.jpg;0129_FOT_159_5.jpg;
0131_DIB_160.page1.jpg;0131_DIB_160_0.jpg;
0131_FOT_161.page1.jpg;0131_FOT_161_1.jpg;
0134_DIB_162.page1 (1).jpg;0134_DIB_162_0.jpg;
0134_DIB_162.page1.jpg;0134_DIB_162_1.jpg;
0134_FOT_163.page1-2.jpg;0134_FOT_163_2.jpg;
0134_FOT_163.page1.jpg;0134_FOT_163_3.jpg;
0134_FOT_163.page2.jpg;0134_FOT_163_4.jpg;
0135_DIB_164.page1.jpg;0135_DIB_164_0.jpg;
0135_DIB_164.page2.jpg;0135_DIB_164_1.jpg;
0135_FOT_165.page1-2.jpg;0135_FOT_165_2.jpg;
0135_FOT_165.page1.jpg;0135_FOT_165_3.jpg;
0135_FOT_165.page3-2.jpg;0135_FOT_165_4.jpg;
0135_FOT_165.page3.jpg;0135_FOT_165_5.jpg;
0135_FOT_165.page4-2.jpg;0135_FOT_165_6.jpg;
0135_FOT_165.page4-3.jpg;0135_FOT_165_7.jpg;
0135_FOT_165.page4.jpg;0135_FOT_165_8.jpg;
0135_FOT_165.page5.jpg;0135_FOT_165_9.jpg;
0136_FOT_166.page1-2.jpg;0136_FOT_166_0.jpg;
0136_FOT_166.page1-3.jpg;0136_FOT_166_1.jpg;
0136_FOT_166.page1.jpg;0136_FOT_166_2.jpg;
0136_FOT_166.page2.jpg;0136_FOT_166_3.jpg;
0137_FOT_167.page1-2.jpg;0137_FOT_167_0.jpg;
0137_FOT_167.page1-3.jpg;0137_FOT_167_1.jpg;
0137_FOT_167.page1.jpg;0137_FOT_167_2.jpg;
0137_FOT_167.page2-2.jpg;0137_FOT_167_3.jpg;
0137_FOT_167.page2-3.jpg;0137_FOT_167_4.jpg;
0137_FOT_167.page2.jpg;0137_FOT_167_5.jpg;
0137_FOT_167.page3-2.jpg;0137_FOT_167_6.jpg;
0137_FOT_167.page3.jpg;0137_FOT_167_7.jpg;
0141_FOT_168.page1-2.jpg;0141_FOT_168_0.jpg;
0141_FOT_168.page1.jpg;0141_FOT_168_1.jpg;
0141_FOT_168.page2.jpg;0141_FOT_168_2.jpg;
0142_DIB_170.page1.jpg;0142_DIB_170_0.jpg;
0142_FOT_169.page1-2.jpg;0142_FOT_169_1.jpg;
0142_FOT_169.page1-3.jpg;0142_FOT_169_2.jpg;
0142_FOT_169.page1.jpg;0142_FOT_169_3.jpg;
0142_FOT_169.page2-2.jpg;0142_FOT_169_4.jpg;
0142_FOT_169.page2.jpg;0142_FOT_169_5.jpg;
0144_FOT_171.page1 (1).jpg;0144_FOT_171_0.jpg;
0144_FOT_171.page1-2 (1).jpg;0144_FOT_171_1.jpg;
0144_FOT_171.page1-2.jpg;0144_FOT_171_2.jpg;
0144_FOT_171.page1-3.jpg;0144_FOT_171_3.jpg;
0144_FOT_171.page1.jpg;0144_FOT_171_4.jpg;
0145_DIB_172.page1-2.jpg;0145_DIB_172_0.jpg;
0145_DIB_172.page1.jpg;0145_DIB_172_1.jpg;
0145_DIB_172.page2.jpg;0145_DIB_172_2.jpg;
0145_DIB_172.page3.jpg;0145_DIB_172_3.jpg;
0146_DIB_173.page1.jpg;0146_DIB_173_0.jpg;
0146_FOT_174.page1-2.jpg;0146_FOT_174_1.jpg;
0146_FOT_174.page1.jpg;0146_FOT_174_2.jpg;
0147_FOT_175.page1-2.jpg;0147_FOT_175_0.jpg;
0147_FOT_175.page1.jpg;0147_FOT_175_1.jpg;
0147_FOT_175.page2-2.jpg;0147_FOT_175_2.jpg;
0147_FOT_175.page2.jpg;0147_FOT_175_3.jpg;
0148_MAP_176.page1.jpg;0148_MAP_176_0.jpg;
0148_MAP_176.page2.jpg;0148_MAP_176_1.jpg;
0148_MAP_176.page3.jpg;0148_MAP_176_2.jpg;
0148_MAP_176.page4.jpg;0148_MAP_176_3.jpg;
0148_MAP_176.page5.jpg;0148_MAP_176_4.jpg;
0149_DIB_177.page1.jpg;0149_DIB_177_0.jpg;
0149_FOT_178.page1.jpg;0149_FOT_178_1.jpg;
0150_DIB_208.page1.jpg;0150_DIB_208_0.jpg;
0150_FOT_209.page1.jpg;0150_FOT_209_1.jpg;
0150_MAP_182.page1.jpg;0150_MAP_182_2.jpg;
0150_MAP_182.page2.jpg;0150_MAP_182_3.jpg;
0150_MAP_182.page3.jpg;0150_MAP_182_4.jpg;
0150_MAP_182.page4.jpg;0150_MAP_182_5.jpg;
0151_DIB_179.page1.jpg;0151_DIB_179_0.jpg;
0152_DIB_180.page1.jpg;0152_DIB_180_0.jpg;
0153_DIB_181.page1.jpg;0153_DIB_181_0.jpg;
0153_DIB_181.page2.jpg;0153_DIB_181_1.jpg;
0154_DIB_183.page1.jpg;0154_DIB_183_0.jpg;
0155_DIB_184.page1.jpg;0155_DIB_184_0.jpg;
0156_DIB_185.page1.jpg;0156_DIB_185_0.jpg;
0157_DIB_186.page1.jpg;0157_DIB_186_0.jpg;
0157_FOT_187.page1.jpg;0157_FOT_187_1.jpg;
0158_DIB_188.page1.jpg;0158_DIB_188_0.jpg;
0159_DIB_189.page1.jpg;0159_DIB_189_0.jpg;
0159_FOT_190.page1.jpg;0159_FOT_190_1.jpg;
0160_DIB_191.page1.jpg;0160_DIB_191_0.jpg;
0160_FOT_192.page1.jpg;0160_FOT_192_1.jpg;
0162_FOT_193.page1.jpg;0162_FOT_193_0.jpg;
0163_DIB_194.page1.jpg;0163_DIB_194_0.jpg;
0164_DIB_196.page1.jpg;0164_DIB_196_0.jpg;
0164_FOT_197.page1-2.jpg;0164_FOT_197_1.jpg;
0164_FOT_197.page1.jpg;0164_FOT_197_2.jpg;
0164_MAP_195.page1.jpg;0164_MAP_195_3.jpg;
0164_MAP_195.page2.jpg;0164_MAP_195_4.jpg;
0164_MAP_195.page3.jpg;0164_MAP_195_5.jpg;
0164_MAP_195.page4.jpg;0164_MAP_195_6.jpg;
0165_DIB_198.page1.jpg;0165_DIB_198_0.jpg;
0170_FOT_199.page1.jpg;0170_FOT_199_0.jpg;
0171_TEX_200.page1.jpg;0171_TEX_200_0.jpg;
0172_DIB_201.page1.jpg;0172_DIB_201_0.jpg;
0172_FOT_202.page1.jpg;0172_FOT_202_1.jpg;
0173_DIB_204.page1.jpg;0173_DIB_204_0.jpg;
0173_FOT_203.page1.jpg;0173_FOT_203_1.jpg;
0174_FOT_205.page1.jpg;0174_FOT_205_0.jpg;
0175_DIB_207.page1.jpg;0175_DIB_207_0.jpg;
0175_DIB_207.page2.jpg;0175_DIB_207_1.jpg;
0175_FOT_206.page1.jpg;0175_FOT_206_2.jpg;
0176_DIB_210.page1.jpg;0176_DIB_210_0.jpg;
0177_DIB_211.page1.jpg;0177_DIB_211_0.jpg;
0178_DIB_212.page1.jpg;0178_DIB_212_0.jpg;
0179_DIB_213.page1.jpg;0179_DIB_213_0.jpg;
0179_FOT_214.page1.jpg;0179_FOT_214_1.jpg;
0180_DIB_216.page1.jpg;0180_DIB_216_0.jpg;
0180_FOT_215.page1.jpg;0180_FOT_215_1.jpg;
0181_DIB_217.page1.jpg;0181_DIB_217_0.jpg;
0182_FOT_218.page1.jpg;0182_FOT_218_0.jpg;
0183_DIB_219.page1.jpg;0183_DIB_219_0.jpg;
0184_DIB_220.page1.jpg;0184_DIB_220_0.jpg;
0185_DIB_221.page1.jpg;0185_DIB_221_0.jpg;
0186_FOT_222.page1.jpg;0186_FOT_222_0.jpg;
0186_FOT_222.page2.jpg;0186_FOT_222_1.jpg;
0186_FOT_222.page3.jpg;0186_FOT_222_2.jpg;
0187_FOT_223.page1 (1).jpg;0187_FOT_223_0.jpg;
0187_FOT_223.page1.jpg;0187_FOT_223_1.jpg;
0188_DIB_224.page1.jpg;0188_DIB_224_0.jpg;
0188_DIB_226.page1.jpg;0188_DIB_226_1.jpg;
0188_FOT_227.page1 (1).jpg;0188_FOT_227_2.jpg;
0188_FOT_227.page1.jpg;0188_FOT_227_3.jpg;
0189_DIB_225.page1.jpg;0189_DIB_225_0.jpg;
0190_DIB_228.page1.jpg;0190_DIB_228_0.jpg;
0191_DIB_229.page1.jpg;0191_DIB_229_0.jpg;
0192_DIB_230.page1.jpg;0192_DIB_230_0.jpg;
0192_FOT_231.page1.jpg;0192_FOT_231_1.jpg;
0193_FOT_232.page1.jpg;0193_FOT_232_0.jpg;
0194_DIB_233.page1.jpg;0194_DIB_233_0.jpg;
0194_MAP_234.page1.jpg;0194_MAP_234_1.jpg;
0194_MAP_234.page2.jpg;0194_MAP_234_2.jpg;
0195_MAP_235.page1.jpg;0195_MAP_235_0.jpg;
0195_MAP_235.page2.jpg;0195_MAP_235_1.jpg;
0197_FOT_236.page1.jpg;0197_FOT_236_0.jpg;
0198_FOT_237.page1-2.jpg;0198_FOT_237_0.jpg;
0198_FOT_237.page1.jpg;0198_FOT_237_1.jpg;
0198_FOT_237.page2.jpg;0198_FOT_237_2.jpg;
0200_TEX_238.page1.jpg;0200_TEX_238_0.jpg;
0200_TEX_238.page2.jpg;0200_TEX_238_1.jpg;
0203_MAP_239.page1.jpg;0203_MAP_239_0.jpg;
0203_MAP_239.page2 (1).jpg;0203_MAP_239_1.jpg;
0203_MAP_239.page2.jpg;0203_MAP_239_2.jpg;
0203_TEX_264.page01.jpg;0203_TEX_264_3.jpg;
0203_TEX_264.page02.jpg;0203_TEX_264_4.jpg;
0203_TEX_264.page03.jpg;0203_TEX_264_5.jpg;
0203_TEX_264.page04.jpg;0203_TEX_264_6.jpg;
0203_TEX_264.page05.jpg;0203_TEX_264_7.jpg;
0203_TEX_264.page06.jpg;0203_TEX_264_8.jpg;
0203_TEX_264.page07.jpg;0203_TEX_264_9.jpg;
0203_TEX_264.page08.jpg;0203_TEX_264_10.jpg;
0203_TEX_264.page09 (1).jpg;0203_TEX_264_11.jpg;
0203_TEX_264.page09.jpg;0203_TEX_264_12.jpg;
0203_TEX_264.page10.jpg;0203_TEX_264_13.jpg;
0203_TEX_264.page11.jpg;0203_TEX_264_14.jpg;
0203_TEX_264.page12.jpg;0203_TEX_264_15.jpg;
0203_TEX_264.page13.jpg;0203_TEX_264_16.jpg;
0203_TEX_264.page14.jpg;0203_TEX_264_17.jpg;
0203_TEX_264.page15.jpg;0203_TEX_264_18.jpg;
0203_TEX_264.page16.jpg;0203_TEX_264_19.jpg;
0204_DIB_241.page1.jpg;0204_DIB_241_0.jpg;
0204_FOT_242.page1.jpg;0204_FOT_242_1.jpg;
0204_MAP_240.page1 (1).jpg;0204_MAP_240_2.jpg;
0204_MAP_240.page1.jpg;0204_MAP_240_3.jpg;
0204_MAP_240.page2.jpg;0204_MAP_240_4.jpg;
0204_MAP_240.page3.jpg;0204_MAP_240_5.jpg;
0204_MAP_240.page4.jpg;0204_MAP_240_6.jpg;
0205_FOT_243.page1.jpg;0205_FOT_243_0.jpg;
0206_DIB_244.page1.jpg;0206_DIB_244_0.jpg;
0206_FOT_245.page1.jpg;0206_FOT_245_1.jpg;
0207_DIB_247.page1.jpg;0207_DIB_247_0.jpg;
0207_DIB_247.page2.jpg;0207_DIB_247_1.jpg;
0207_FOT_246.page1.jpg;0207_FOT_246_2.jpg;
0213_DIB_248.page1.jpg;0213_DIB_248_0.jpg;
0215_DIB_249.page1.jpg;0215_DIB_249_0.jpg;
0215_FOT_250.page1.jpg;0215_FOT_250_1.jpg;
0216_DIB_251.page1.jpg;0216_DIB_251_0.jpg;
0216_FOT_252.page1.jpg;0216_FOT_252_1.jpg;
0217_DIB_253.page1.jpg;0217_DIB_253_0.jpg;
0218_DIB_254.page1.jpg;0218_DIB_254_0.jpg;
0221_FOT_255.page1.jpg;0221_FOT_255_0.jpg;
0224_DIB_256.page1.jpg;0224_DIB_256_0.jpg;
0225_DIB_257.page1.jpg;0225_DIB_257_0.jpg;
0225_FOT_258.page1.jpg;0225_FOT_258_1.jpg;
0226_DIB_259.page1 (1).jpg;0226_DIB_259_0.jpg;
0226_DIB_259.page1.jpg;0226_DIB_259_1.jpg;
0226_FOT_260.page1 (1).jpg;0226_FOT_260_2.jpg;
0226_FOT_260.page1.jpg;0226_FOT_260_3.jpg;
0227_DIB_262.page1.jpg;0227_DIB_262_0.jpg;
0227_FOT_261.page1.jpg;0227_FOT_261_1.jpg;
0228_DIB_263.page1.jpg;0228_DIB_263_0.jpg;
0229_DIB_268.page1.jpg;0229_DIB_268_0.jpg;
0229_MAP_265.page1.jpg;0229_MAP_265_1.jpg;
0229_MAP_265.page2.jpg;0229_MAP_265_2.jpg;
0230_DIB_266.page1.jpg;0230_DIB_266_0.jpg;
0232_DIB_267.page1.jpg;0232_DIB_267_0.jpg;
0233_FOT_269.page1.jpg;0233_FOT_269_0.jpg;
0236_FOT_270.page1-2.jpg;0236_FOT_270_0.jpg;
0236_FOT_270.page1.jpg;0236_FOT_270_1.jpg;
0240_FOT_271.page1.jpg;0240_FOT_271_0.jpg;
0241_FOT_334.page1.jpg;0241_FOT_334_0.jpg;
0242_DIB_333.page1.jpg;0242_DIB_333_0.jpg;
0243_DIB_272.page1.jpg;0243_DIB_272_0.jpg;
0244_DIB_273.page1.jpg;0244_DIB_273_0.jpg;
0251_DIB_274.page1.jpg;0251_DIB_274_0.jpg;
0251_FOT_275.page1-2.jpg;0251_FOT_275_1.jpg;
0251_FOT_275.page1.jpg;0251_FOT_275_2.jpg;
0255_DIB_276.page1.jpg;0255_DIB_276_0.jpg;
0255_DIB_277.page1.jpg;0255_DIB_277_1.jpg;
0255_FOT_278.page1-2.jpg;0255_FOT_278_2.jpg;
0255_FOT_278.page1.jpg;0255_FOT_278_3.jpg;
0257_DIB_279.page1.jpg;0257_DIB_279_0.jpg;
0258_DIB_280.page1.jpg;0258_DIB_280_0.jpg;
0262_FOT_281.page1.jpg;0262_FOT_281_0.jpg;
0263_DIB_282.page1.jpg;0263_DIB_282_0.jpg;
0264_DIB_283.page1.jpg;0264_DIB_283_0.jpg;
0264_DIB_283.page2.jpg;0264_DIB_283_1.jpg;
0264_FOT_284.page1.jpg;0264_FOT_284_2.jpg;
0265_DIB_285.page1 (1).jpg;0265_DIB_285_0.jpg;
0265_DIB_285.page1.jpg;0265_DIB_285_1.jpg;
0266_DIB_286.page1.jpg;0266_DIB_286_0.jpg;
0271_DIB_287.page1.jpg;0271_DIB_287_0.jpg;
0275_DIB_288.page1.jpg;0275_DIB_288_0.jpg;
0277_DIB_289.page1.jpg;0277_DIB_289_0.jpg;
0277_DIB_289.page2.jpg;0277_DIB_289_1.jpg;
0277_FOT_290.page1.jpg;0277_FOT_290_2.jpg;
0279_DIB_291.page1.jpg;0279_DIB_291_0.jpg;
0285_DIB_292.page1.jpg;0285_DIB_292_0.jpg;
0285_FOT_293.page1.jpg;0285_FOT_293_1.jpg;
0287_DIB_294.page1.jpg;0287_DIB_294_0.jpg;
0288_DIB_295.page1.jpg;0288_DIB_295_0.jpg;
0288_FOT_296.page1.jpg;0288_FOT_296_1.jpg;
0289_DIB_298.page1.jpg;0289_DIB_298_0.jpg;
0289_FOT_297.page1.jpg;0289_FOT_297_1.jpg;
0290_DIB_299.page1.jpg;0290_DIB_299_0.jpg;
0290_FOT_300.page1.jpg;0290_FOT_300_1.jpg;
0291_DIB_301.page1.jpg;0291_DIB_301_0.jpg;
0291_FOT_302.page1-2.jpg;0291_FOT_302_1.jpg;
0291_FOT_302.page1.jpg;0291_FOT_302_2.jpg;
0292_DIB_303.page1.jpg;0292_DIB_303_0.jpg;
0293_DIB_304.page1.jpg;0293_DIB_304_0.jpg;
0293_FOT_305.page1-2.jpg;0293_FOT_305_1.jpg;
0293_FOT_305.page1.jpg;0293_FOT_305_2.jpg;
0294_DIB_306.page1.jpg;0294_DIB_306_0.jpg;
0295_DIB_307.page1.jpg;0295_DIB_307_0.jpg;
0295_FOT_308.page1-2.jpg;0295_FOT_308_1.jpg;
0295_FOT_308.page1.jpg;0295_FOT_308_2.jpg;
0296_DIB_309.page1.jpg;0296_DIB_309_0.jpg;
0297_DIB_310.page1.jpg;0297_DIB_310_0.jpg;
0297_FOT_311.page1-2.jpg;0297_FOT_311_1.jpg;
0297_FOT_311.page1.jpg;0297_FOT_311_2.jpg;
0297_FOT_311.page2.jpg;0297_FOT_311_3.jpg;
0297_FOT_311.page3-2.jpg;0297_FOT_311_4.jpg;
0297_FOT_311.page3.jpg;0297_FOT_311_5.jpg;
0298_DIB_312.page1.jpg;0298_DIB_312_0.jpg;
0299_DIB_313.page1.jpg;0299_DIB_313_0.jpg;
0300_DIB_314.page1.jpg;0300_DIB_314_0.jpg;
0301_DIB_315.page1.jpg;0301_DIB_315_0.jpg;
0302_DIB_316.page1.jpg;0302_DIB_316_0.jpg;
0303_DIB_317.page1.jpg;0303_DIB_317_0.jpg;
0303_DIB_317.page2.jpg;0303_DIB_317_1.jpg;
0303_FOT_318.page1.jpg;0303_FOT_318_2.jpg;
0304_DIB_319.page1.jpg;0304_DIB_319_0.jpg;
0305_DIB_320.page1.jpg;0305_DIB_320_0.jpg;
0306_DIB_321.page1.jpg;0306_DIB_321_0.jpg;
0306_DIB_321.page2.jpg;0306_DIB_321_1.jpg;
0307_DIB_322.page1.jpg;0307_DIB_322_0.jpg;
0308_DIB_323.page1.jpg;0308_DIB_323_0.jpg;
0309_DIB_324.page1.jpg;0309_DIB_324_0.jpg;
0311_DIB_325.page1.jpg;0311_DIB_325_0.jpg;
0311_FOT_326.page1-2.jpg;0311_FOT_326_1.jpg;
0311_FOT_326.page1.jpg;0311_FOT_326_2.jpg;
0312_DIB_327.page1.jpg;0312_DIB_327_0.jpg;
0314_DIB_328.page1 (1).jpg;0314_DIB_328_0.jpg;
0314_DIB_328.page1.jpg;0314_DIB_328_1.jpg;
0314_FOT_329.page1.jpg;0314_FOT_329_2.jpg;
0314_FOT_329.page2.jpg;0314_FOT_329_3.jpg;
0315_DIB_330.page1.jpg;0315_DIB_330_0.jpg;
0316_DIB_331.page1.jpg;0316_DIB_331_0.jpg;
0316_FOT_332.page1-2.jpg;0316_FOT_332_1.jpg;
0316_FOT_332.page1.jpg;0316_FOT_332_2.jpg;
0317_DIB_335.page1.jpg;0317_DIB_335_0.jpg;
0317_FOT_336.page1-2.jpg;0317_FOT_336_1.jpg;
0317_FOT_336.page1.jpg;0317_FOT_336_2.jpg;
0317_FOT_336.page2.jpg;0317_FOT_336_3.jpg;
0318_DIB_337.page1.jpg;0318_DIB_337_0.jpg;
0318_FOT_338.page1-2.jpg;0318_FOT_338_1.jpg;
0318_FOT_338.page1-3 (1).jpg;0318_FOT_338_2.jpg;
0318_FOT_338.page1-3.jpg;0318_FOT_338_3.jpg;
0318_FOT_338.page1.jpg;0318_FOT_338_4.jpg;
0318_FOT_338.page2-2.jpg;0318_FOT_338_5.jpg;
0318_FOT_338.page2-3.jpg;0318_FOT_338_6.jpg;
0318_FOT_338.page2.jpg;0318_FOT_338_7.jpg;
0319_DIB_340.page1.jpg;0319_DIB_340_0.jpg;
0319_FOT_339.page1-2.jpg;0319_FOT_339_1.jpg;
0319_FOT_339.page1-3.jpg;0319_FOT_339_2.jpg;
0319_FOT_339.page1.jpg;0319_FOT_339_3.jpg;
0319_FOT_339.page2-2.jpg;0319_FOT_339_4.jpg;
0319_FOT_339.page2-3.jpg;0319_FOT_339_5.jpg;
0319_FOT_339.page2.jpg;0319_FOT_339_6.jpg;
0320_DIB_341.page1.jpg;0320_DIB_341_0.jpg;
0320_FOT_342.page1-2.jpg;0320_FOT_342_1.jpg;
0320_FOT_342.page1.jpg;0320_FOT_342_2.jpg;
0320_FOT_342.page2-2.jpg;0320_FOT_342_3.jpg;
0320_FOT_342.page2-3 (1).jpg;0320_FOT_342_4.jpg;
0320_FOT_342.page2-3.jpg;0320_FOT_342_5.jpg;
0320_FOT_342.page2.jpg;0320_FOT_342_6.jpg;
0320_FOT_342.page3 (1).jpg;0320_FOT_342_7.jpg;
0320_FOT_342.page3-2.jpg;0320_FOT_342_8.jpg;
0320_FOT_342.page3-3.jpg;0320_FOT_342_9.jpg;
0320_FOT_342.page3.jpg;0320_FOT_342_10.jpg;
0321_FOT_344.page1-2.jpg;0321_FOT_344_0.jpg;
0321_FOT_344.page1-3.jpg;0321_FOT_344_1.jpg;
0321_FOT_344.page1.jpg;0321_FOT_344_2.jpg;
0321_FOT_344.page2-2.jpg;0321_FOT_344_3.jpg;
0321_FOT_344.page2-3.jpg;0321_FOT_344_4.jpg;
0321_FOT_344.page2.jpg;0321_FOT_344_5.jpg;
0321_MAP_371.page1.jpg;0321_MAP_371_6.jpg;
0321_MAP_371.page2.jpg;0321_MAP_371_7.jpg;
0322_DIB_496.page1.jpg;0322_DIB_496_0.jpg;
0322_MAP_369.page1.jpg;0322_MAP_369_1.jpg;
0322_MAP_369.page2.jpg;0322_MAP_369_2.jpg;
0323_DIB_495.page1 (1).jpg;0323_DIB_495_0.jpg;
0323_DIB_495.page1.jpg;0323_DIB_495_1.jpg;
0324_DIB_494.page1.jpg;0324_DIB_494_0.jpg;
0325_DIB_492.page1.jpg;0325_DIB_492_0.jpg;
0326_DIB_493.page1.jpg;0326_DIB_493_0.jpg;
0326_MAP_368.page1.jpg;0326_MAP_368_1.jpg;
0326_MAP_368.page2.jpg;0326_MAP_368_2.jpg;
0329_DIB_345.page1.jpg;0329_DIB_345_0.jpg;
0329_DIB_345.page2.jpg;0329_DIB_345_1.jpg;
0329_FOT_346.page1-2.jpg;0329_FOT_346_2.jpg;
0329_FOT_346.page1.jpg;0329_FOT_346_3.jpg;
0330_DIB_347.page1.jpg;0330_DIB_347_0.jpg;
0330_DIB_347.page2.jpg;0330_DIB_347_1.jpg;
0330_FOT_348.page1-2.jpg;0330_FOT_348_2.jpg;
0330_FOT_348.page1.jpg;0330_FOT_348_3.jpg;
0330_FOT_348.page2.jpg;0330_FOT_348_4.jpg;
0330_TEX_364.page1.jpg;0330_TEX_364_5.jpg;
0330_TEX_364.page2.jpg;0330_TEX_364_6.jpg;
0330_TEX_365.page1.jpg;0330_TEX_365_7.jpg;
0330_TEX_365.page2.jpg;0330_TEX_365_8.jpg;
0331_DIB_349.page1.jpg;0331_DIB_349_0.jpg;
0331_FOT_350.page1-2.jpg;0331_FOT_350_1.jpg;
0331_FOT_350.page1.jpg;0331_FOT_350_2.jpg;
0331_FOT_350.page2.jpg;0331_FOT_350_3.jpg;
0331_TEX_363.page1.jpg;0331_TEX_363_4.jpg;
0331_TEX_363.page2.jpg;0331_TEX_363_5.jpg;
0332_DIB_353.page1.jpg;0332_DIB_353_0.jpg;
0332_FOT_351.page1-2.jpg;0332_FOT_351_1.jpg;
0332_FOT_351.page1.jpg;0332_FOT_351_2.jpg;
0332_FOT_352.page1.jpg;0332_FOT_352_3.jpg;
0332_TEX_366.page1.jpg;0332_TEX_366_4.jpg;
0332_TEX_366.page2.jpg;0332_TEX_366_5.jpg;
0333_DIB_354.page1.jpg;0333_DIB_354_0.jpg;
0333_FOT_355.page1-2.jpg;0333_FOT_355_1.jpg;
0333_FOT_355.page1.jpg;0333_FOT_355_2.jpg;
0333_MAP_370.page1.jpg;0333_MAP_370_3.jpg;
0333_MAP_370.page2.jpg;0333_MAP_370_4.jpg;
0334_DIB_356.page1.jpg;0334_DIB_356_0.jpg;
0335_DIB_357.page1.jpg;0335_DIB_357_0.jpg;
0336_DIB_358.page1.jpg;0336_DIB_358_0.jpg;
0336_FOT_359.page1 (1).jpg;0336_FOT_359_1.jpg;
0336_FOT_359.page1.jpg;0336_FOT_359_2.jpg;
0336_MAP_367.page1.jpg;0336_MAP_367_3.jpg;
0337_FOT_360.page1.jpg;0337_FOT_360_0.jpg;
0338_DIB_361.page1.jpg;0338_DIB_361_0.jpg;
0338_FOT_362.page1-2.jpg;0338_FOT_362_1.jpg;
0338_FOT_362.page1.jpg;0338_FOT_362_2.jpg;
0342_DIB_372.page1.jpg;0342_DIB_372_0.jpg;
0343_DIB_373.page1.jpg;0343_DIB_373_0.jpg;
0344_FOT_374.page1.jpg;0344_FOT_374_0.jpg;
0353_DIB_375.page1.jpg;0353_DIB_375_0.jpg;
0353_FOT_376.page1-2.jpg;0353_FOT_376_1.jpg;
0353_FOT_376.page1.jpg;0353_FOT_376_2.jpg;
0354_FOT_377.page1.jpg;0354_FOT_377_0.jpg;
0354_FOT_377.page2.jpg;0354_FOT_377_1.jpg;
0355_FOT_379.page01.jpg;0355_FOT_379_0.jpg;
0355_FOT_379.page02.jpg;0355_FOT_379_1.jpg;
0355_FOT_379.page03.jpg;0355_FOT_379_2.jpg;
0355_FOT_379.page04.jpg;0355_FOT_379_3.jpg;
0355_FOT_379.page05.jpg;0355_FOT_379_4.jpg;
0355_FOT_379.page06.jpg;0355_FOT_379_5.jpg;
0355_FOT_379.page07.jpg;0355_FOT_379_6.jpg;
0355_FOT_379.page08.jpg;0355_FOT_379_7.jpg;
0355_FOT_379.page09.jpg;0355_FOT_379_8.jpg;
0355_FOT_379.page10.jpg;0355_FOT_379_9.jpg;
0355_FOT_379.page11.jpg;0355_FOT_379_10.jpg;
0355_FOT_379.page12.jpg;0355_FOT_379_11.jpg;
0355_FOT_379.page13.jpg;0355_FOT_379_12.jpg;
0355_FOT_379.page14.jpg;0355_FOT_379_13.jpg;
0355_FOT_379.page15 (1).jpg;0355_FOT_379_14.jpg;
0355_FOT_379.page15.jpg;0355_FOT_379_15.jpg;
0355_FOT_379.page16.jpg;0355_FOT_379_16.jpg;
0355_FOT_379.page17.jpg;0355_FOT_379_17.jpg;
0355_FOT_379.page18.jpg;0355_FOT_379_18.jpg;
0355_FOT_379.page19.jpg;0355_FOT_379_19.jpg;
0355_FOT_379.page20.jpg;0355_FOT_379_20.jpg;
0355_FOT_379.page21 (1).jpg;0355_FOT_379_21.jpg;
0355_FOT_379.page21.jpg;0355_FOT_379_22.jpg;
0355_FOT_379.page22.jpg;0355_FOT_379_23.jpg;
0355_FOT_379.page23.jpg;0355_FOT_379_24.jpg;
0355_FOT_379.page24.jpg;0355_FOT_379_25.jpg;
0355_FOT_379.page25.jpg;0355_FOT_379_26.jpg;
0355_FOT_379.page26 (1).jpg;0355_FOT_379_27.jpg;
0355_FOT_379.page26.jpg;0355_FOT_379_28.jpg;
0355_FOT_379.page27.jpg;0355_FOT_379_29.jpg;
0355_FOT_379.page28.jpg;0355_FOT_379_30.jpg;
0355_FOT_379.page29.jpg;0355_FOT_379_31.jpg;
0355_FOT_379.page30.jpg;0355_FOT_379_32.jpg;
0355_FOT_379.page31.jpg;0355_FOT_379_33.jpg;
0355_FOT_379.page32.jpg;0355_FOT_379_34.jpg;
0355_TEX_378.page01.jpg;0355_TEX_378_35.jpg;
0355_TEX_378.page02.jpg;0355_TEX_378_36.jpg;
0355_TEX_378.page03.jpg;0355_TEX_378_37.jpg;
0355_TEX_378.page04.jpg;0355_TEX_378_38.jpg;
0355_TEX_378.page05.jpg;0355_TEX_378_39.jpg;
0355_TEX_378.page06 (1).jpg;0355_TEX_378_40.jpg;
0355_TEX_378.page06.jpg;0355_TEX_378_41.jpg;
0355_TEX_378.page07.jpg;0355_TEX_378_42.jpg;
0355_TEX_378.page08.jpg;0355_TEX_378_43.jpg;
0355_TEX_378.page09.jpg;0355_TEX_378_44.jpg;
0355_TEX_378.page10.jpg;0355_TEX_378_45.jpg;
0355_TEX_378.page11.jpg;0355_TEX_378_46.jpg;
0355_TEX_378.page12.jpg;0355_TEX_378_47.jpg;
0355_TEX_378.page13.jpg;0355_TEX_378_48.jpg;
0355_TEX_378.page14.jpg;0355_TEX_378_49.jpg;
0356_DIB_380.page1.jpg;0356_DIB_380_0.jpg;
0356_DIB_380.page2.jpg;0356_DIB_380_1.jpg;
0356_DIB_380.page3.jpg;0356_DIB_380_2.jpg;
0356_DIB_381.page1.jpg;0356_DIB_381_3.jpg;
0356_DIB_381.page2.jpg;0356_DIB_381_4.jpg;
0356_DIB_382.page1.jpg;0356_DIB_382_5.jpg;
0356_DIB_382.page2.jpg;0356_DIB_382_6.jpg;
0356_MAP_412.page1.jpg;0356_MAP_412_7.jpg;
0356_TEX_411.page1.jpg;0356_TEX_411_8.jpg;
0356_TEX_411.page2.jpg;0356_TEX_411_9.jpg;
0356_TEX_411.page3.jpg;0356_TEX_411_10.jpg;
0357_DIB_383.page1.jpg;0357_DIB_383_0.jpg;
0357_DIB_383.page2.jpg;0357_DIB_383_1.jpg;
0358_FOT_384.page1.jpg;0358_FOT_384_0.jpg;
0358_MAP_417.page1.jpg;0358_MAP_417_1.jpg;
0358_MAP_417.page2.jpg;0358_MAP_417_2.jpg;
0358_MAP_417.page3.jpg;0358_MAP_417_3.jpg;
0358_TEX_385.page1.jpg;0358_TEX_385_4.jpg;
0359_DIB_386.page1.jpg;0359_DIB_386_0.jpg;
0359_FOT_387.page1-2.jpg;0359_FOT_387_1.jpg;
0359_FOT_387.page1-3.jpg;0359_FOT_387_2.jpg;
0359_FOT_387.page1.jpg;0359_FOT_387_3.jpg;
0359_FOT_387.page2.jpg;0359_FOT_387_4.jpg;
0359_MAP_416.page1.jpg;0359_MAP_416_5.jpg;
0359_MAP_416.page2.jpg;0359_MAP_416_6.jpg;
0359_TEX_415.page1.jpg;0359_TEX_415_7.jpg;
0359_TEX_415.page2.jpg;0359_TEX_415_8.jpg;
0360_DIB_388.page1.jpg;0360_DIB_388_0.jpg;
0360_FOT_409.page1.jpg;0360_FOT_409_1.jpg;
0361_DIB_389.page1.jpg;0361_DIB_389_0.jpg;
0362_DIB_390.page1.jpg;0362_DIB_390_0.jpg;
0363_DIB_391.page1.jpg;0363_DIB_391_0.jpg;
0364_DIB_392.page1.jpg;0364_DIB_392_0.jpg;
0365_DIB_393.page1.jpg;0365_DIB_393_0.jpg;
0366_DIB_394.page1.jpg;0366_DIB_394_0.jpg;
0367_DIB_395.page1.jpg;0367_DIB_395_0.jpg;
0368_DIB_396.page1.jpg;0368_DIB_396_0.jpg;
0369_DIB_397.page1.jpg;0369_DIB_397_0.jpg;
0369_DIB_397.page2.jpg;0369_DIB_397_1.jpg;
0370_DIB_398.page1.jpg;0370_DIB_398_0.jpg;
0371_DIB_399.page1.jpg;0371_DIB_399_0.jpg;
0371_DIB_399.page2.jpg;0371_DIB_399_1.jpg;
0372_DIB_400.page1.jpg;0372_DIB_400_0.jpg;
0372_MAP_418.page1.jpg;0372_MAP_418_1.jpg;
0372_MAP_418.page2.jpg;0372_MAP_418_2.jpg;
0372_TEX_419.page1 (1).jpg;0372_TEX_419_3.jpg;
0372_TEX_419.page1.jpg;0372_TEX_419_4.jpg;
0373_DIB_401.page1.jpg;0373_DIB_401_0.jpg;
0373_DIB_401.page2.jpg;0373_DIB_401_1.jpg;
0373_MAP_414.page1.jpg;0373_MAP_414_2.jpg;
0373_TEX_413.page1.jpg;0373_TEX_413_3.jpg;
0373_TEX_413.page2.jpg;0373_TEX_413_4.jpg;
0373_TEX_413.page3.jpg;0373_TEX_413_5.jpg;
0374_DIB_402.page1 (1).jpg;0374_DIB_402_0.jpg;
0374_DIB_402.page1.jpg;0374_DIB_402_1.jpg;
0374_DIB_402.page2.jpg;0374_DIB_402_2.jpg;
0375_DIB_403.page1.jpg;0375_DIB_403_0.jpg;
0375_DIB_403.page2.jpg;0375_DIB_403_1.jpg;
0375_FOT_405.page1-2.jpg;0375_FOT_405_2.jpg;
0375_FOT_405.page1.jpg;0375_FOT_405_3.jpg;
0375_FOT_405.page2.jpg;0375_FOT_405_4.jpg;
0375_FOT_405.page3 (1).jpg;0375_FOT_405_5.jpg;
0375_FOT_405.page3.jpg;0375_FOT_405_6.jpg;
0375_FOT_405.page4.jpg;0375_FOT_405_7.jpg;
0375_TEX_404.page1.jpg;0375_TEX_404_8.jpg;
0376_DIB_406.page1.jpg;0376_DIB_406_0.jpg;
0377_DIB_407.page1.jpg;0377_DIB_407_0.jpg;
0377_DIB_407.page2.jpg;0377_DIB_407_1.jpg;
0377_DIB_407.page3.jpg;0377_DIB_407_2.jpg;
0378_DIB_408.page1.jpg;0378_DIB_408_0.jpg;
0378_MAP_422.page1.jpg;0378_MAP_422_1.jpg;
0378_MAP_422.page3.jpg;0378_MAP_422_2.jpg;
0378_MAP_422.page4.jpg;0378_MAP_422_3.jpg;
0378_MAP_422.page5.jpg;0378_MAP_422_4.jpg;
0378_MAP_422.page6.jpg;0378_MAP_422_5.jpg;
0378_TEX_410.page1.jpg;0378_TEX_410_6.jpg;
0378_TEX_410.page2.jpg;0378_TEX_410_7.jpg;
0378_TEX_410.page3.jpg;0378_TEX_410_8.jpg;
0378_TEX_410.page4.jpg;0378_TEX_410_9.jpg;
0378_TEX_410.page5.jpg;0378_TEX_410_10.jpg;
0378_TEX_410.page6.jpg;0378_TEX_410_11.jpg;
0378_TEX_410.page7.jpg;0378_TEX_410_12.jpg;
0378_TEX_410.page8.jpg;0378_TEX_410_13.jpg;
0379_DIB_423.page1.jpg;0379_DIB_423_0.jpg;
0379_DIB_423.page2.jpg;0379_DIB_423_1.jpg;
0379_DIB_423.page3.jpg;0379_DIB_423_2.jpg;
0379_DIB_423.page4.jpg;0379_DIB_423_3.jpg;
0379_DIB_423.page5.jpg;0379_DIB_423_4.jpg;
0379_FOT_424.page1 (1).jpg;0379_FOT_424_5.jpg;
0379_FOT_424.page1.jpg;0379_FOT_424_6.jpg;
0379_MAP_421.page1.jpg;0379_MAP_421_7.jpg;
0379_TEX_420.page1 (1).jpg;0379_TEX_420_8.jpg;
0379_TEX_420.page1.jpg;0379_TEX_420_9.jpg;
0379_TEX_420.page2.jpg;0379_TEX_420_10.jpg;
0379_TEX_420.page3 (1).jpg;0379_TEX_420_11.jpg;
0379_TEX_420.page3.jpg;0379_TEX_420_12.jpg;
0380_DIB_425.page1.jpg;0380_DIB_425_0.jpg;
0380_DIB_425.page2.jpg;0380_DIB_425_1.jpg;
0380_DIB_425.page3.jpg;0380_DIB_425_2.jpg;
0380_DIB_425.page4.jpg;0380_DIB_425_3.jpg;
0381_DIB_426.page1.jpg;0381_DIB_426_0.jpg;
0381_DIB_426.page2.jpg;0381_DIB_426_1.jpg;
0381_FOT_427.page1-2.jpg;0381_FOT_427_2.jpg;
0381_FOT_427.page1.jpg;0381_FOT_427_3.jpg;
0381_FOT_427.page2.jpg;0381_FOT_427_4.jpg;
0381_FOT_427.page3 (1).jpg;0381_FOT_427_5.jpg;
0381_FOT_427.page3-2.jpg;0381_FOT_427_6.jpg;
0381_FOT_427.page3.jpg;0381_FOT_427_7.jpg;
0382_DIB_428.page1.jpg;0382_DIB_428_0.jpg;
0382_DIB_428.page2.jpg;0382_DIB_428_1.jpg;
0382_DIB_428.page3.jpg;0382_DIB_428_2.jpg;
0382_DIB_428.page4.jpg;0382_DIB_428_3.jpg;
0383_DIB_429.page1.jpg;0383_DIB_429_0.jpg;
0383_DIB_429.page2.jpg;0383_DIB_429_1.jpg;
0383_DIB_429.page3.jpg;0383_DIB_429_2.jpg;
0384_DIB_430.page1.jpg;0384_DIB_430_0.jpg;
0384_DIB_430.page2.jpg;0384_DIB_430_1.jpg;
0384_DIB_430.page3.jpg;0384_DIB_430_2.jpg;
0384_FOT_431.page1.jpg;0384_FOT_431_3.jpg;
0385_DIB_432.page1.jpg;0385_DIB_432_0.jpg;
0385_DIB_432.page2.jpg;0385_DIB_432_1.jpg;
0385_DIB_432.page3.jpg;0385_DIB_432_2.jpg;
0385_DIB_432.page4.jpg;0385_DIB_432_3.jpg;
0386_DIB_433.page1 (1).jpg;0386_DIB_433_0.jpg;
0386_DIB_433.page1.jpg;0386_DIB_433_1.jpg;
0386_DIB_433.page2.jpg;0386_DIB_433_2.jpg;
0386_DIB_433.page3.jpg;0386_DIB_433_3.jpg;
0387_DIB_434.page1.jpg;0387_DIB_434_0.jpg;
0387_DIB_434.page2.jpg;0387_DIB_434_1.jpg;
0387_DIB_434.page3 (1).jpg;0387_DIB_434_2.jpg;
0387_DIB_434.page3.jpg;0387_DIB_434_3.jpg;
0387_DIB_434.page4.jpg;0387_DIB_434_4.jpg;
0387_FOT_435.page1-2.jpg;0387_FOT_435_5.jpg;
0387_FOT_435.page1.jpg;0387_FOT_435_6.jpg;
0388_DIB_436.page1 (1).jpg;0388_DIB_436_0.jpg;
0388_DIB_436.page1.jpg;0388_DIB_436_1.jpg;
0388_DIB_436.page2.jpg;0388_DIB_436_2.jpg;
0388_DIB_436.page3.jpg;0388_DIB_436_3.jpg;
0388_DIB_436.page4.jpg;0388_DIB_436_4.jpg;
0388_DIB_436.page5.jpg;0388_DIB_436_5.jpg;
0388_DIB_457.page1.jpg;0388_DIB_457_6.jpg;
0388_DIB_457.page2.jpg;0388_DIB_457_7.jpg;
0388_DIB_457.page3.jpg;0388_DIB_457_8.jpg;
0389_FOT_437.page1.jpg;0389_FOT_437_0.jpg;
0389_TEX_456.page1.jpg;0389_TEX_456_1.jpg;
0390_DIB_438.page1.jpg;0390_DIB_438_0.jpg;
0391_DIB_439.page1.jpg;0391_DIB_439_0.jpg;
0391_DIB_439.page2 (1).jpg;0391_DIB_439_1.jpg;
0391_DIB_439.page2.jpg;0391_DIB_439_2.jpg;
0391_DIB_439.page3.jpg;0391_DIB_439_3.jpg;
0391_DIB_439.page4.jpg;0391_DIB_439_4.jpg;
0392_DIB_440.page1.jpg;0392_DIB_440_0.jpg;
0392_FOT_441.page1 (1).jpg;0392_FOT_441_1.jpg;
0392_FOT_441.page1.jpg;0392_FOT_441_2.jpg;
0393_DIB_442.page1.jpg;0393_DIB_442_0.jpg;
0394_DIB_460.page1.jpg;0394_DIB_460_0.jpg;
0394_DIB_460.page2.jpg;0394_DIB_460_1.jpg;
0395_DIB_443.page1.jpg;0395_DIB_443_0.jpg;
0396_DIB_444.page1.jpg;0396_DIB_444_0.jpg;
0397_DIB_445.page1.jpg;0397_DIB_445_0.jpg;
0398_DIB_446.page1.jpg;0398_DIB_446_0.jpg;
0398_DIB_446.page2 (1).jpg;0398_DIB_446_1.jpg;
0398_DIB_446.page2.jpg;0398_DIB_446_2.jpg;
0399_DIB_447.page1.jpg;0399_DIB_447_0.jpg;
0399_DIB_447.page2 (1).jpg;0399_DIB_447_1.jpg;
0399_DIB_447.page2.jpg;0399_DIB_447_2.jpg;
0400_DIB_448.page1.jpg;0400_DIB_448_0.jpg;
0400_DIB_448.page2.jpg;0400_DIB_448_1.jpg;
0402_DIB_449.page1.jpg;0402_DIB_449_0.jpg;
0402_DIB_449.page2.jpg;0402_DIB_449_1.jpg;
0403_DIB_461.page1.jpg;0403_DIB_461_0.jpg;
0404_DIB_450.page1.jpg;0404_DIB_450_0.jpg;
0404_DIB_450.page2.jpg;0404_DIB_450_1.jpg;
0405_DIB_451.page1.jpg;0405_DIB_451_0.jpg;
0405_DIB_451.page2.jpg;0405_DIB_451_1.jpg;
0406_DIB_458.page1.jpg;0406_DIB_458_0.jpg;
0407_DIB_459.page1 (1).jpg;0407_DIB_459_0.jpg;
0407_DIB_459.page1.jpg;0407_DIB_459_1.jpg;
0408_DIB_452.page1.jpg;0408_DIB_452_0.jpg;
0409_DIB_453.page1.jpg;0409_DIB_453_0.jpg;
0409_DIB_453.page2 (1).jpg;0409_DIB_453_1.jpg;
0409_DIB_453.page2.jpg;0409_DIB_453_2.jpg;
0410_DIB_454.page1.jpg;0410_DIB_454_0.jpg;
0410_DIB_454.page2.jpg;0410_DIB_454_1.jpg;
0411_DIB_455.page1.jpg;0411_DIB_455_0.jpg;
0411_DIB_455.page2.jpg;0411_DIB_455_1.jpg;
0413_FOT_462.page1 (1).jpg;0413_FOT_462_0.jpg;
0413_FOT_462.page1.jpg;0413_FOT_462_1.jpg;
0413_TEX_463.page1.jpg;0413_TEX_463_2.jpg;
0413_TEX_463.page2.jpg;0413_TEX_463_3.jpg;
0413_TEX_463.page3.jpg;0413_TEX_463_4.jpg;
0414_FOT_464.page1.jpg;0414_FOT_464_0.jpg;
0414_FOT_464.page2.jpg;0414_FOT_464_1.jpg;
0414_MAP_465.page1.jpg;0414_MAP_465_2.jpg;
0414_MAP_465.page2.jpg;0414_MAP_465_3.jpg;
0416_DIB_467.page1.jpg;0416_DIB_467_0.jpg;
0416_FOT_466.page1.jpg;0416_FOT_466_1.jpg;
0416_FOT_466.page2.jpg;0416_FOT_466_2.jpg;
0417_DIB_469.page1 (1).jpg;0417_DIB_469_0.jpg;
0417_DIB_469.page1.jpg;0417_DIB_469_1.jpg;
0417_FOT_468.page1.jpg;0417_FOT_468_2.jpg;
0417_FOT_468.page2.jpg;0417_FOT_468_3.jpg;
0418_FOT_471.page1.jpg;0418_FOT_471_0.jpg;
0418_TEX_470.page1.jpg;0418_TEX_470_1.jpg;
0420_DIB_473.page1.jpg;0420_DIB_473_0.jpg;
0420_FOT_472.page1-2.jpg;0420_FOT_472_1.jpg;
0420_FOT_472.page1-3 (1).jpg;0420_FOT_472_2.jpg;
0420_FOT_472.page1-3.jpg;0420_FOT_472_3.jpg;
0420_FOT_472.page1.jpg;0420_FOT_472_4.jpg;
0420_FOT_472.page2.jpg;0420_FOT_472_5.jpg;
0420_FOT_472.page3-2.jpg;0420_FOT_472_6.jpg;
0420_FOT_472.page3.jpg;0420_FOT_472_7.jpg;
0420_FOT_472.page4-2.jpg;0420_FOT_472_8.jpg;
0420_FOT_472.page4.jpg;0420_FOT_472_9.jpg;
0420_MAP_474.page1.jpg;0420_MAP_474_10.jpg;
0420_MAP_474.page2.jpg;0420_MAP_474_11.jpg;
0421_FOT_475.page1.jpg;0421_FOT_475_0.jpg;
0422_FOT_476.page1.jpg;0422_FOT_476_0.jpg;
0423_DIB_478.page1.jpg;0423_DIB_478_0.jpg;
0423_FOT_477.page1-2.jpg;0423_FOT_477_1.jpg;
0423_FOT_477.page1.jpg;0423_FOT_477_2.jpg;
0423_FOT_477.page2-2.jpg;0423_FOT_477_3.jpg;
0423_FOT_477.page2.jpg;0423_FOT_477_4.jpg;
0424_DIB_479.page1.jpg;0424_DIB_479_0.jpg;
0424_DIB_479.page2.jpg;0424_DIB_479_1.jpg;
0424_DIB_479.page3.jpg;0424_DIB_479_2.jpg;
0424_MAP_480.page1 (1).jpg;0424_MAP_480_3.jpg;
0424_MAP_480.page1.jpg;0424_MAP_480_4.jpg;
0424_MAP_480.page2.jpg;0424_MAP_480_5.jpg;
0425_DIB_481.page1.jpg;0425_DIB_481_0.jpg;
0426_DIB_482.page1.jpg;0426_DIB_482_0.jpg;
0426_DIB_482.page2.jpg;0426_DIB_482_1.jpg;
0426_DIB_482.page3.jpg;0426_DIB_482_2.jpg;
0426_MAP_483.page1.jpg;0426_MAP_483_3.jpg;
0426_MAP_483.page2 (1).jpg;0426_MAP_483_4.jpg;
0426_MAP_483.page2.jpg;0426_MAP_483_5.jpg;
0427_DIB_484.page1.jpg;0427_DIB_484_0.jpg;
0427_FOT_485.page1.jpg;0427_FOT_485_1.jpg;
0429_DIB_486.page1.jpg;0429_DIB_486_0.jpg;
0429_FOT_487.page1.jpg;0429_FOT_487_1.jpg;
0430_DIB_488.page1.jpg;0430_DIB_488_0.jpg;
0431_MAP_489.page1.jpg;0431_MAP_489_0.jpg;
0431_MAP_489.page2.jpg;0431_MAP_489_1.jpg;
0433_DIB_491.page1.jpg;0433_DIB_491_0.jpg;
0433_DIB_491.page2.jpg;0433_DIB_491_1.jpg;
0433_FOT_490.page1.jpg;0433_FOT_490_2.jpg;
0434_DIB_497.page1.jpg;0434_DIB_497_0.jpg;
0434_MAP_498.page1.jpg;0434_MAP_498_1.jpg;
0434_MAP_498.page2 (1).jpg;0434_MAP_498_2.jpg;
0434_MAP_498.page2.jpg;0434_MAP_498_3.jpg;
0436_DIB_499.page1.jpg;0436_DIB_499_0.jpg;
0436_FOT_500.page1-2.jpg;0436_FOT_500_1.jpg;
0436_FOT_500.page1.jpg;0436_FOT_500_2.jpg;
0437_FOT_501.page1 (1).jpg;0437_FOT_501_0.jpg;
0437_FOT_501.page1-2.jpg;0437_FOT_501_1.jpg;
0437_FOT_501.page1.jpg;0437_FOT_501_2.jpg;
0437_FOT_501.page2.jpg;0437_FOT_501_3.jpg;
0437_MAP_503.page1.jpg;0437_MAP_503_4.jpg;
0437_MAP_503.page2.jpg;0437_MAP_503_5.jpg;
0437_TEX_502.page1.jpg;0437_TEX_502_6.jpg;
0437_TEX_504.page1.jpg;0437_TEX_504_7.jpg;
0437_TEX_504.page2.jpg;0437_TEX_504_8.jpg;
0438_DIB_507.page1.jpg;0438_DIB_507_0.jpg;
0438_DIB_508.page1.jpg;0438_DIB_508_1.jpg;
0438_FOT_505.page1-2.jpg;0438_FOT_505_2.jpg;
0438_FOT_505.page1.jpg;0438_FOT_505_3.jpg;
0438_FOT_505.page2-2.jpg;0438_FOT_505_4.jpg;
0438_FOT_505.page2.jpg;0438_FOT_505_5.jpg;
0438_TEX_506.page1.jpg;0438_TEX_506_6.jpg;
0441_DIB_510.page1.jpg;0441_DIB_510_0.jpg;
0441_DIB_511.page1.jpg;0441_DIB_511_1.jpg;
0441_FOT_509.page1-2.jpg;0441_FOT_509_2.jpg;
0441_FOT_509.page1.jpg;0441_FOT_509_3.jpg;
0441_FOT_509.page2.jpg;0441_FOT_509_4.jpg;
0442_DIB_513.page1.jpg;0442_DIB_513_0.jpg;
0442_DIB_514.page1.jpg;0442_DIB_514_1.jpg;
0442_FOT_512.page1-2.jpg;0442_FOT_512_2.jpg;
0442_FOT_512.page1.jpg;0442_FOT_512_3.jpg;
0442_FOT_512.page2.jpg;0442_FOT_512_4.jpg;
0443_DIB_516.page1 (1).jpg;0443_DIB_516_0.jpg;
0443_DIB_516.page1.jpg;0443_DIB_516_1.jpg;
0443_DIB_517.page1.jpg;0443_DIB_517_2.jpg;
0443_FOT_515.page1-2.jpg;0443_FOT_515_3.jpg;
0443_FOT_515.page1.jpg;0443_FOT_515_4.jpg;
0443_FOT_515.page2.jpg;0443_FOT_515_5.jpg;
0443_TEX_518.page1.jpg;0443_TEX_518_6.jpg;
0444_FOT_519.page1-2.jpg;0444_FOT_519_0.jpg;
0444_FOT_519.page1.jpg;0444_FOT_519_1.jpg;
0444_FOT_519.page2.jpg;0444_FOT_519_2.jpg;
0446_FOT_522.page1.jpg;0446_FOT_522_0.jpg;
0446_FOT_522.page2-2.jpg;0446_FOT_522_1.jpg;
0446_FOT_522.page2-3 (1).jpg;0446_FOT_522_2.jpg;
0446_FOT_522.page2-3.jpg;0446_FOT_522_3.jpg;
0446_FOT_522.page2.jpg;0446_FOT_522_4.jpg;
0446_FOT_522.page3-2.jpg;0446_FOT_522_5.jpg;
0446_FOT_522.page3.jpg;0446_FOT_522_6.jpg;
0446_MAP_521.page1.jpg;0446_MAP_521_7.jpg;
0446_MAP_521.page2.jpg;0446_MAP_521_8.jpg;
0446_TEX_520.page1.jpg;0446_TEX_520_9.jpg;
0446_TEX_544.page1.jpg;0446_TEX_544_10.jpg;
0446_TEX_544.page2.jpg;0446_TEX_544_11.jpg;
0446_TEX_550.page1.jpg;0446_TEX_550_12.jpg;
0448_FOT_523.page1-2.jpg;0448_FOT_523_0.jpg;
0448_FOT_523.page1.jpg;0448_FOT_523_1.jpg;
0448_FOT_523.page2.jpg;0448_FOT_523_2.jpg;
0449_FOT_524.page1-2.jpg;0449_FOT_524_0.jpg;
0449_FOT_524.page1.jpg;0449_FOT_524_1.jpg;
0449_FOT_524.page2.jpg;0449_FOT_524_2.jpg;
0450_DIB_527.page1.jpg;0450_DIB_527_0.jpg;
0450_FOT_525.page1 (1).jpg;0450_FOT_525_1.jpg;
0450_FOT_525.page1-2.jpg;0450_FOT_525_2.jpg;
0450_FOT_525.page1.jpg;0450_FOT_525_3.jpg;
0450_FOT_525.page2.jpg;0450_FOT_525_4.jpg;
0451_DIB_529.page1.jpg;0451_DIB_529_0.jpg;
0451_FOT_528.page1-2 (1).jpg;0451_FOT_528_1.jpg;
0451_FOT_528.page1-2.jpg;0451_FOT_528_2.jpg;
0451_FOT_528.page1.jpg;0451_FOT_528_3.jpg;
0451_FOT_528.page2-2.jpg;0451_FOT_528_4.jpg;
0451_FOT_528.page2.jpg;0451_FOT_528_5.jpg;
0452_DIB_531.page1.jpg;0452_DIB_531_0.jpg;
0452_DIB_532.page1.jpg;0452_DIB_532_1.jpg;
0452_FOT_530.page1-2.jpg;0452_FOT_530_2.jpg;
0452_FOT_530.page1.jpg;0452_FOT_530_3.jpg;
0452_FOT_530.page2-2.jpg;0452_FOT_530_4.jpg;
0452_FOT_530.page2.jpg;0452_FOT_530_5.jpg;
0455_DIB_533.page1.jpg;0455_DIB_533_0.jpg;
0455_FOT_534.page1-2.jpg;0455_FOT_534_1.jpg;
0455_FOT_534.page1.jpg;0455_FOT_534_2.jpg;
0456_FOT_535.page1-2.jpg;0456_FOT_535_0.jpg;
0456_FOT_535.page1.jpg;0456_FOT_535_1.jpg;
0456_FOT_535.page2-2.jpg;0456_FOT_535_2.jpg;
0456_FOT_535.page2.jpg;0456_FOT_535_3.jpg;
0457_FOT_536.page1-2.jpg;0457_FOT_536_0.jpg;
0457_FOT_536.page1.jpg;0457_FOT_536_1.jpg;
0457_FOT_536.page2-2 (1).jpg;0457_FOT_536_2.jpg;
0457_FOT_536.page2-2.jpg;0457_FOT_536_3.jpg;
0457_FOT_536.page2.jpg;0457_FOT_536_4.jpg;
0458_TEX_537.page1.jpg;0458_TEX_537_0.jpg;
0459_FOT_562.page1 (1).jpg;0459_FOT_562_0.jpg;
0459_FOT_562.page1-2.jpg;0459_FOT_562_1.jpg;
0459_FOT_562.page1.jpg;0459_FOT_562_2.jpg;
0459_MAP_543.page1.jpg;0459_MAP_543_3.jpg;
0459_MAP_543.page2.jpg;0459_MAP_543_4.jpg;
0459_TEX_542.page1.jpg;0459_TEX_542_5.jpg;
0459_TEX_542.page2.jpg;0459_TEX_542_6.jpg;
0459_TEX_545.page1.jpg;0459_TEX_545_7.jpg;
0459_TEX_551.page1.jpg;0459_TEX_551_8.jpg;
0459_TEX_551.page2.jpg;0459_TEX_551_9.jpg;
0460_FOT_564.page1.jpg;0460_FOT_564_0.jpg;
0461_FOT_565.page1-2 (1).jpg;0461_FOT_565_0.jpg;
0461_FOT_565.page1-2.jpg;0461_FOT_565_1.jpg;
0461_FOT_565.page1.jpg;0461_FOT_565_2.jpg;
0461_FOT_565.page2-2 (1).jpg;0461_FOT_565_3.jpg;
0461_FOT_565.page2-2.jpg;0461_FOT_565_4.jpg;
0461_FOT_565.page2.jpg;0461_FOT_565_5.jpg;
0461_FOT_565.page3.jpg;0461_FOT_565_6.jpg;
0462_FOT_566.page1-2.jpg;0462_FOT_566_0.jpg;
0462_FOT_566.page1.jpg;0462_FOT_566_1.jpg;
0462_FOT_566.page2-2.jpg;0462_FOT_566_2.jpg;
0462_FOT_566.page2.jpg;0462_FOT_566_3.jpg;
0463_FOT_567.page1-2 (1).jpg;0463_FOT_567_0.jpg;
0463_FOT_567.page1-2.jpg;0463_FOT_567_1.jpg;
0463_FOT_567.page1.jpg;0463_FOT_567_2.jpg;
0464_FOT_568.page1-2.jpg;0464_FOT_568_0.jpg;
0464_FOT_568.page1-3.jpg;0464_FOT_568_1.jpg;
0464_FOT_568.page1.jpg;0464_FOT_568_2.jpg;
0464_FOT_568.page2-2.jpg;0464_FOT_568_3.jpg;
0464_FOT_568.page2.jpg;0464_FOT_568_4.jpg;
0464_TEX_546.page1.jpg;0464_TEX_546_5.jpg;
0465_FOT_569.page1-2.jpg;0465_FOT_569_0.jpg;
0465_FOT_569.page1.jpg;0465_FOT_569_1.jpg;
0465_FOT_569.page2-2.jpg;0465_FOT_569_2.jpg;
0465_FOT_569.page2-3.jpg;0465_FOT_569_3.jpg;
0465_FOT_569.page2.jpg;0465_FOT_569_4.jpg;
0466_FOT_570.page1 (1).jpg;0466_FOT_570_0.jpg;
0466_FOT_570.page1.jpg;0466_FOT_570_1.jpg;
0466_TEX_547.page1.jpg;0466_TEX_547_2.jpg;
0467_FOT_571.page1-2.jpg;0467_FOT_571_0.jpg;
0467_FOT_571.page1.jpg;0467_FOT_571_1.jpg;
0468_FOT_572.page1-2.jpg;0468_FOT_572_0.jpg;
0468_FOT_572.page1.jpg;0468_FOT_572_1.jpg;
0468_FOT_572.page2.jpg;0468_FOT_572_2.jpg;
0469_FOT_573.page1-2.jpg;0469_FOT_573_0.jpg;
0469_FOT_573.page1.jpg;0469_FOT_573_1.jpg;
0469_FOT_573.page2.jpg;0469_FOT_573_2.jpg;
0470_FOT_574.page1.jpg;0470_FOT_574_0.jpg;
0470_FOT_574.page2.jpg;0470_FOT_574_1.jpg;
0471_DIB_548.page1.jpg;0471_DIB_548_0.jpg;
0471_FOT_575.page1-2.jpg;0471_FOT_575_1.jpg;
0471_FOT_575.page1.jpg;0471_FOT_575_2.jpg;
0471_FOT_575.page2-2.jpg;0471_FOT_575_3.jpg;
0471_FOT_575.page2.jpg;0471_FOT_575_4.jpg;
0471_TEX_549.page1.jpg;0471_TEX_549_5.jpg;
0471_TEX_549.page2.jpg;0471_TEX_549_6.jpg;
0472_FOT_576.page1 (1).jpg;0472_FOT_576_0.jpg;
0472_FOT_576.page1-2.jpg;0472_FOT_576_1.jpg;
0472_FOT_576.page1.jpg;0472_FOT_576_2.jpg;
0472_FOT_576.page2-2.jpg;0472_FOT_576_3.jpg;
0472_FOT_576.page2.jpg;0472_FOT_576_4.jpg;
0472_FOT_576.page3-2.jpg;0472_FOT_576_5.jpg;
0472_FOT_576.page3.jpg;0472_FOT_576_6.jpg;
0473_DIB_578.page1.jpg;0473_DIB_578_0.jpg;
0473_FOT_577.page1-2.jpg;0473_FOT_577_1.jpg;
0473_FOT_577.page1.jpg;0473_FOT_577_2.jpg;
0474_FOT_579.page1-2.jpg;0474_FOT_579_0.jpg;
0474_FOT_579.page1.jpg;0474_FOT_579_1.jpg;
0475_DIB_556.page1.jpg;0475_DIB_556_0.jpg;
0475_FOT_555.page1-2.jpg;0475_FOT_555_1.jpg;
0475_FOT_555.page1.jpg;0475_FOT_555_2.jpg;
0476_DIB_557.page1.jpg;0476_DIB_557_0.jpg;
0476_FOT_558.page1-2.jpg;0476_FOT_558_1.jpg;
0476_FOT_558.page1-3.jpg;0476_FOT_558_2.jpg;
0476_FOT_558.page1.jpg;0476_FOT_558_3.jpg;
0476_FOT_558.page2-2.jpg;0476_FOT_558_4.jpg;
0476_FOT_558.page2.jpg;0476_FOT_558_5.jpg;
0477_DIB_560.page1.jpg;0477_DIB_560_0.jpg;
0477_FOT_561.page1-2 (1).jpg;0477_FOT_561_1.jpg;
0477_FOT_561.page1-2.jpg;0477_FOT_561_2.jpg;
0477_FOT_561.page1.jpg;0477_FOT_561_3.jpg;
0477_FOT_561.page2-2.jpg;0477_FOT_561_4.jpg;
0477_FOT_561.page2.jpg;0477_FOT_561_5.jpg;
0477_FOT_561.page3-2 (1).jpg;0477_FOT_561_6.jpg;
0477_FOT_561.page3-2.jpg;0477_FOT_561_7.jpg;
0477_FOT_561.page3.jpg;0477_FOT_561_8.jpg;
0477_TEX_559.page1.jpg;0477_TEX_559_9.jpg;
0478_FOT_563.page1-2.jpg;0478_FOT_563_0.jpg;
0478_FOT_563.page1.jpg;0478_FOT_563_1.jpg;
0478_FOT_563.page2.jpg;0478_FOT_563_2.jpg;
0479_DIB_581.page1.jpg;0479_DIB_581_0.jpg;
0479_FOT_580.page1-2.jpg;0479_FOT_580_1.jpg;
0479_FOT_580.page1.jpg;0479_FOT_580_2.jpg;
0479_FOT_580.page2.jpg;0479_FOT_580_3.jpg;
0479_TEX_582.page1.jpg;0479_TEX_582_4.jpg;
